run_id,measured_at,language,benchmark,cpu_carbon_rapl_msr_component-package_0-ug,cpu_energy_rapl_msr_component-package_0-uj,disk_total_read_cgroup_container-container-bytes,disk_total_write_cgroup_container-container-bytes,embodied_carbon_share_machine-system-ug,memory_carbon_rapl_msr_component-dram_0-ug,memory_energy_rapl_msr_component-dram_0-uj,network_carbon_formula_global-formula-ug,network_energy_formula_global-formula-uj,network_power_formula_global-formula-mw,network_total_cgroup_container-container-bytes,phase_time_syscall_system-system-us
a2c3962c-9c86-4761-ab7d-4651aabc5d14,2026-05-28 18:51:57,c,mandelbrot,3658,39430655,221184,0,2000,58,626459,0,0,0,0,1394177
5fac6597-61b8-4acf-9496-9c17bc86348d,2026-05-28 18:49:08,c,fasta,3580,38591180,0,0,2049,80,861689,0,0,0,0,1427691
7c9855c9-6d36-4c0a-a86a-0f3b1c00aa42,2026-05-28 18:46:08,c,spectral-norm,1054,11359251,221184,0,710,18,194944,0,0,0,0,494856
6f0a6a5b-3b6d-4a06-a433-b03715324a46,2026-05-28 18:40:45,c,n-body,2281,24583428,0,0,2295,46,494379,1,10347,0,70,1599711
d7aacf49-6b95-488b-a70b-229e05fdb3b8,2026-05-28 18:35:18,c,fannkuch-redux,6450,69517811,0,0,3033,63,679924,0,0,0,0,2113661
0e445332-42fc-4219-a075-371470483cc5,2026-05-28 18:32:28,c,binary-trees,2964,31943049,192512,0,1709,123,1322931,0,0,0,0,1190921
93fea7ff-1db2-4efe-b84d-4771f043ff56,2026-05-28 18:29:38,c,mandelbrot,3694,39810357,221184,0,1962,58,625114,0,0,0,0,1367309
5117795d-a381-4f1a-9a95-031edb261a95,2026-05-28 18:26:48,c,fasta,3576,38545099,0,0,2066,80,861443,0,0,0,0,1439951
c5b64125-4190-4caa-9296-c60eb7571316,2026-05-28 18:23:41,c,spectral-norm,1216,13105894,221184,0,768,16,174498,0,0,0,0,534978
00696231-d1db-4e75-b11c-bd735337b0da,2026-05-28 18:18:17,c,n-body,2268,24448112,0,0,2327,47,505916,0,0,0,0,1621830
6f1f32e9-b3ea-4d6c-b1b2-e5740f776b05,2026-05-28 18:12:45,c,fannkuch-redux,6374,68701955,0,0,3700,74,796621,0,0,0,0,2578600
77634cd9-e6b4-40ad-a6b9-1bbd76aa42f0,2026-05-28 18:10:01,c,binary-trees,2955,31851434,192512,0,1743,122,1314567,0,0,0,0,1214946
df7f0164-ed07-4862-ba1c-974fefbd9f2f,2026-05-28 18:07:11,c,mandelbrot,3581,38597162,221184,0,1999,59,631645,0,0,0,0,1393437
079de873-ef76-4c2a-8357-5767128a8379,2026-05-28 18:04:14,c,fasta,3586,38656119,0,0,2052,80,862908,0,0,0,0,1429926
fc65253e-25f1-4e4e-9903-5caf212c0f70,2026-05-28 18:01:07,c,spectral-norm,1077,11613400,221184,0,646,17,184506,0,0,0,0,450510
a6b7b4c6-10da-4765-9f54-bc7dd0dcba2f,2026-05-28 17:55:35,c,n-body,2246,24206597,0,0,2319,50,533747,0,0,0,0,1616499
c6f6ee9f-5ef0-4ad9-9d40-4d24b385f859,2026-05-28 17:50:11,c,fannkuch-redux,6444,69457874,0,0,3133,63,677056,0,0,0,0,2183540
bbbdd67b-0b56-4253-aa85-dc40aab3ab34,2026-05-28 17:47:28,c,binary-trees,2925,31522025,192512,0,1820,125,1346857,0,0,0,0,1268354
efc605d3-075c-4314-a4df-12f79dd4b783,2026-05-28 17:44:38,c,mandelbrot,3622,39038689,221184,0,2051,58,624991,0,0,0,0,1429233
e00cb647-cba4-4549-b724-f563dac758bd,2026-05-28 17:41:49,c,fasta,3587,38665703,0,0,2096,82,881158,0,0,0,0,1460851
ed70cc86-5ef9-4ed3-b03b-b0118ccf51d9,2026-05-28 17:38:50,c,spectral-norm,1099,11847715,221184,0,725,19,203916,0,0,0,0,505519
40f53f46-23db-407f-a045-675a328c1f73,2026-05-28 17:33:25,c,n-body,2272,24490103,0,0,2319,47,507013,0,0,0,0,1616326
8bdfac35-dccb-4661-9abc-0b1360e70595,2026-05-28 17:27:53,c,fannkuch-redux,6479,69834219,0,0,3119,63,676871,0,0,0,0,2173412
2f9d7be8-b05d-4cc9-9d73-729fd3306c1d,2026-05-28 17:25:10,c,binary-trees,2960,31899286,192512,0,1708,119,1287103,0,0,0,0,1190254
2a38feca-aa3a-449b-b81d-07645afa5587,2026-05-28 17:22:21,c,mandelbrot,3673,39585319,221184,0,2031,57,618949,0,0,0,0,1415306
349cd6e3-830e-41bd-92a0-57fb1591fdda,2026-05-28 17:19:30,c,fasta,3569,38465081,0,0,2090,82,880181,15,162600,0,1100,1456606
0d5a7c80-9896-4edb-9489-179f18181089,2026-05-28 17:16:27,c,spectral-norm,1590,17142574,221184,0,999,23,244748,0,0,0,0,696109
7a24ef4a-bc6b-46d6-8cae-453049e74308,2026-05-28 17:11:04,c,n-body,2245,24197685,0,0,2336,48,513787,0,0,0,0,1627935
2706a07c-bc0f-4645-b709-f735dce9f196,2026-05-28 17:05:40,c,fannkuch-redux,6425,69247547,0,0,3069,63,677667,0,0,0,0,2138625
f2216407-6ef7-4f87-a044-f08cb5e5fa2a,2026-05-28 17:02:57,c,binary-trees,3007,32415766,192512,0,1814,121,1300287,0,0,0,0,1264056
2669ea8e-1f28-4346-8065-059d2b6c99fe,2026-05-28 17:00:07,c,mandelbrot,3757,40491508,221184,0,2012,58,627434,0,0,0,0,1402418
12ba1ce1-ad05-4b98-8f87-cc64cc1cd657,2026-05-28 16:57:11,c,fasta,3553,38298150,0,0,2062,80,863763,0,0,0,0,1436857
edf90cb9-7009-49a1-8dec-7bbcd1f02bf1,2026-05-28 16:54:11,c,spectral-norm,1115,12016050,221184,0,696,14,156004,0,0,0,0,484787
447efa44-c5a0-4e64-bdae-fa62e8e49587,2026-05-28 16:48:48,c,n-body,2229,24025749,0,0,2372,50,533869,0,0,0,0,1653070
c1614bd0-5c55-4f51-b30a-0d032b88ca93,2026-05-28 16:43:16,c,fannkuch-redux,6340,68330550,0,0,3737,74,801200,0,0,0,0,2604578
982b061d-db1b-413a-9d9a-e894782c859b,2026-05-28 16:40:33,c,binary-trees,2940,31685419,192512,0,1782,121,1299800,0,0,0,0,1241872
89f9e0f7-1016-4ec9-ac1e-e2e4c13754a9,2026-05-28 16:37:44,c,mandelbrot,3631,39134391,221184,0,1988,59,635062,0,0,0,0,1385441
d46cc140-dce7-4177-9592-c5d11fbd870c,2026-05-28 16:34:55,c,fasta,3570,38475762,0,0,2081,80,864985,0,0,0,0,1450087
895603fd-91ac-4d97-94c1-6473b4d86b14,2026-05-28 16:31:48,c,spectral-norm,1073,11565304,221184,0,691,17,182554,0,0,0,0,481613
32430ad6-2b49-44df-94ec-38f2dab74958,2026-05-28 16:26:25,c,n-body,2305,24839529,0,0,2300,50,536003,0,0,0,0,1602829
f4b85f7c-c1f2-4962-802f-cc2e079d4d53,2026-05-28 16:20:54,c,fannkuch-redux,6463,69661732,0,0,3243,63,679802,0,0,0,0,2260123
51530808-af33-48bb-908d-3574f72d73b5,2026-05-28 16:18:12,c,binary-trees,3005,32384150,192512,0,1766,121,1307001,0,0,0,0,1231028
9f189be1-664a-44cc-972d-efae9ef8cd5e,2026-05-28 16:15:22,c,mandelbrot,3661,39454644,221184,0,2000,58,626581,0,0,0,0,1393632
d36c23c8-3c2c-4935-ba87-10b6203da63e,2026-05-28 16:12:31,c,fasta,3580,38585441,0,0,2089,84,903131,0,0,0,0,1455908
bf36e3a7-f0ab-422e-b32b-87dfaf595ed9,2026-05-28 16:09:32,c,spectral-norm,1086,11704161,221184,0,654,14,155515,0,0,0,0,455957
1c547095-a607-4d80-bcf7-c85ede8613dd,2026-05-28 16:03:55,c,n-body,2247,24214837,0,0,2310,46,492487,0,0,0,0,1609733
011c531f-3d13-4fb2-ae8d-9922305edee2,2026-05-28 15:58:31,c,fannkuch-redux,6516,70227223,0,0,3430,68,734306,0,0,0,0,2390245
ed706817-4813-43d0-8e53-edf4390524c2,2026-05-28 15:55:49,c,binary-trees,2962,31921502,192512,0,1689,119,1287592,0,0,0,0,1176776
4d10343c-86d6-4c64-8c43-4c0c2c3ef830,2026-05-28 15:52:53,c,mandelbrot,3651,39353998,221184,0,1997,58,623345,0,0,0,0,1391811
bb929b66-d61c-4aa7-8602-430d3dcf5624,2026-05-28 15:50:04,c,fasta,3565,38427115,0,0,2082,79,854120,0,0,0,0,1451283
bd6cc8b9-649c-48ce-a624-0ae0e272cdcb,2026-05-28 15:46:57,c,spectral-norm,1242,13383176,221184,0,825,17,185605,0,0,0,0,574620
970179e9-8bfb-4599-ad05-a9e1df6e75ce,2026-05-28 15:41:34,c,n-body,2234,24084101,0,0,2325,49,532404,0,0,0,0,1620567
5eb193cf-a97e-45f9-8927-84b8cb4396f4,2026-05-28 15:36:11,c,fannkuch-redux,6459,69617543,0,0,3215,66,712456,4,39911,0,270,2240461
3afa6f7d-cee5-4785-82af-64ff8ca22d86,2026-05-28 15:33:28,c,binary-trees,2992,32247308,192512,0,1768,123,1327876,0,0,0,0,1232071
733c1415-9d1b-412c-a520-3afb625eb87d,2026-05-28 15:30:39,c,mandelbrot,3639,39222526,221184,0,1984,59,631463,0,0,0,0,1383025
7b4bc29e-2493-49e8-9e0c-b6233ebfc9fb,2026-05-28 15:27:43,c,fasta,3540,38152703,0,0,2073,80,860528,0,0,0,0,1444453
819ffc5d-9751-4a35-baac-db93d365a5a4,2026-05-28 15:24:44,c,spectral-norm,1098,11835324,221184,0,676,16,171689,0,0,0,0,471054
43a9953f-dc34-41e2-b72c-83dc994c110f,2026-05-28 15:19:23,c,n-body,2253,24280206,0,0,2360,50,534723,0,0,0,0,1644542
4c8fb9fb-f891-4d8c-9778-4ead317ff4b1,2026-05-28 15:13:53,c,fannkuch-redux,6454,69562245,0,0,3106,62,673577,0,0,0,0,2164862
29f5fe10-dcc2-4220-ad0c-57436eb0ec66,2026-05-28 15:11:12,c,binary-trees,2960,31898919,192512,0,1733,122,1317682,0,0,0,0,1207896
0bdcd516-f84c-4e33-92b5-05da07194bc5,2026-06-05 21:39:48,c,regex-redux,12660,136458901,254889984,0,6790,256,2763216,0,0,0,0,4731929
7a908379-ef23-402c-86df-bf6983ab65e5,2026-06-05 21:37:03,c,k-nucleotide,7781,83871385,254394368,0,4664,167,1794719,0,0,0,0,3250679
c252e761-1483-4455-9470-0a0102aff6b9,2026-06-05 21:34:20,c,regex-redux,12523,134978800,254889984,0,6629,254,2741859,0,0,0,0,4620245
d49c2e4c-8353-473a-8ea2-2e3bd84850a6,2026-06-05 21:31:29,c,k-nucleotide,7933,85504013,254394368,0,4668,151,1624861,23,243900,0,1650,3252923
60693257-4f23-42fc-a584-24044f133565,2026-06-05 21:28:45,c,regex-redux,12640,136235875,254889984,0,6813,259,2789523,0,0,0,0,4748452
f8b0ae96-3e12-438f-8926-df5ae4bd6ee2,2026-06-05 21:26:00,c,k-nucleotide,7313,78818280,254394368,0,5126,192,2074016,0,0,0,0,3572192
3906f56a-3437-4b0f-8ef4-4173bbcdfa0b,2026-06-05 21:23:09,c,regex-redux,12318,132770670,254889984,0,6691,252,2720742,0,0,0,0,4663004
87d4d000-be3f-40c7-9edc-f984a70dac04,2026-06-05 21:20:24,c,k-nucleotide,7748,83509506,254394368,0,4801,159,1712753,0,0,0,0,3345809
af578d3d-7103-42bb-b140-02a5693b5d99,2026-06-05 21:17:40,c,regex-redux,12426,133936314,254889984,0,6698,255,2749303,0,0,0,0,4668241
37103b98-02aa-4b8f-8d5a-1607f9c1d327,2026-06-05 21:14:56,c,k-nucleotide,7464,80447555,254394368,0,4970,169,1824872,0,0,0,0,3463757
4b168123-3dc5-4df7-9d0e-997da4f19d8d,2026-06-05 21:12:12,c,regex-redux,12479,134505959,254889984,0,6779,255,2749305,0,0,0,0,4724492
eb686011-abce-44f9-b740-b41133db13d5,2026-06-05 21:09:28,c,k-nucleotide,7793,83997114,254394368,0,4716,157,1688885,23,243900,0,1650,3287008
0ad5f2f4-c80d-4f48-ad3c-81365d07d76f,2026-06-05 21:06:45,c,regex-redux,12509,134824745,254889984,0,6687,254,2738076,1,10347,0,70,4660414
b18d22e1-b907-4f07-994d-b1219506965a,2026-06-05 21:04:00,c,k-nucleotide,7409,79855022,254394368,0,5093,180,1941203,0,0,0,0,3549464
6f6836b3-c904-4170-9f9e-63d21aa95536,2026-06-05 21:01:17,c,regex-redux,12513,134867287,254889984,0,6798,256,2764261,0,0,0,0,4737402
a91f301b-eea7-46f2-979b-408e97866451,2026-06-05 20:58:32,c,k-nucleotide,7356,79289901,254394368,0,5104,185,1989301,0,0,0,0,3557389
a1fb1ad3-719b-4c48-b396-4fd0e0ed39ac,2026-06-05 20:55:41,c,regex-redux,12302,132598306,254889984,0,6635,253,2722083,0,0,0,0,4624339
d1f79bda-9428-48de-9834-032fc6c19852,2026-06-05 20:52:56,c,k-nucleotide,7878,84915206,254394368,0,4563,148,1600385,0,0,0,0,3180267
e66b72a5-cf6f-4ec3-8dbd-356185dddcdd,2026-06-05 20:50:12,c,regex-redux,12285,132417883,254889984,0,6646,253,2722084,0,0,0,0,4631672
1e373255-04e8-4d35-8894-a4ce2cbaa3a1,2026-06-05 20:47:20,c,k-nucleotide,7854,84654893,254394368,0,4654,143,1544660,0,0,0,0,3243235
7719d030-3968-40cc-b90f-c90f5991dd7c,2026-05-29 23:41:11,cpp,mandelbrot,2531,27280146,1253376,0,1572,52,559992,0,0,0,0,1095666
539c8706-d962-4409-a739-311afb14d876,2026-05-29 23:38:17,cpp,fasta,2493,26867792,0,0,1883,80,863518,0,0,0,0,1311973
1cede167-3674-4a74-a195-3bc760634ba1,2026-05-29 23:35:06,cpp,spectral-norm,802,8643979,1474560,0,603,15,158324,0,0,0,0,420516
d8a631e7-3994-4fe9-8d53-b49b669e51ac,2026-05-29 23:29:33,cpp,n-body,2246,24208123,1253376,0,2281,47,501702,0,0,0,0,1589677
cbb1eaa0-4554-4451-855e-c95d5967ac87,2026-05-29 23:24:03,cpp,fannkuch-redux,7973,85935716,1474560,0,3970,78,844960,0,0,0,0,2766980
a016571a-f63c-485d-ba57-131aed38e7b7,2026-05-29 23:21:17,cpp,binary-trees,2568,27678401,241664,0,1518,113,1213312,0,0,0,0,1058281
94265fd3-eb8b-4a9e-af9d-f1121da9a685,2026-05-29 23:18:23,cpp,mandelbrot,2544,27423088,1253376,0,1594,52,560113,0,0,0,0,1110743
fb6ab86d-e9ee-4bad-aa89-4cc6f44badca,2026-05-29 23:15:32,cpp,fasta,2510,27049004,0,81920,1902,84,907280,0,0,0,0,1325453
725ddd70-b7e6-497e-887a-0f69b7139d13,2026-05-29 23:12:20,cpp,spectral-norm,883,9521604,1474560,0,630,15,158018,0,0,0,0,439323
97f29c1c-d56b-4cee-b585-48d389527b40,2026-05-29 23:06:12,cpp,n-body,2228,24013968,1253376,0,2342,47,510431,0,0,0,0,1632542
87581d54-23a5-4369-83b7-144e827f87a3,2026-05-29 23:00:44,cpp,fannkuch-redux,8000,86228258,1474560,0,3961,80,866442,0,0,0,0,2760780
0430f681-5daf-4e74-9c11-b606d198036a,2026-05-29 22:57:59,cpp,binary-trees,2564,27638727,241664,0,1463,112,1208795,0,0,0,0,1019654
f9b20c35-5de0-43ad-97f1-e5d51b7bd277,2026-05-29 22:55:04,cpp,mandelbrot,2550,27483331,1253376,0,1558,52,556147,0,0,0,0,1085474
a97d94ef-dd23-410d-82b7-280f787242fa,2026-05-29 22:52:13,cpp,fasta,2511,27064019,0,0,1895,80,860894,15,162600,0,1100,1320937
61372df0-03ad-43ba-b9b8-c6ccaa5bcad8,2026-05-29 22:49:04,cpp,spectral-norm,812,8754271,1474560,0,589,15,160399,0,0,0,0,410709
8e22bc63-3825-4465-89f4-3ea4dff5fef3,2026-05-29 22:43:30,cpp,n-body,2249,24244072,1253376,0,2316,50,533563,0,0,0,0,1613915
748b0c0a-a197-476f-bad9-716d56f68e14,2026-05-29 22:38:02,cpp,fannkuch-redux,8077,87056993,1474560,0,3991,79,854663,0,0,0,0,2781740
2c1f6a98-14f6-4785-8c99-659da25a4229,2026-05-29 22:35:16,cpp,binary-trees,2561,27604794,241664,0,1421,109,1173091,0,0,0,0,990651
51893d1d-eec8-4b02-a0ad-ad206be53d17,2026-05-29 22:32:20,cpp,mandelbrot,2544,27416011,1253376,0,1616,52,564631,0,0,0,0,1126536
b062258f-5ae5-4ead-9ba5-39af33a76497,2026-05-29 22:29:27,cpp,fasta,2516,27117547,0,0,1943,84,900688,0,0,0,0,1354033
18809453-771c-42d7-82e4-f408ed20235d,2026-05-29 22:26:16,cpp,spectral-norm,951,10253721,1474560,0,694,14,147458,0,0,0,0,483954
9e080e77-86be-4759-89a7-bd9a95d18eee,2026-05-29 22:20:43,cpp,n-body,2223,23960561,1253376,0,2324,51,547784,0,0,0,0,1619832
33636d4d-231a-4f94-8393-490b599d8efe,2026-05-29 22:15:16,cpp,fannkuch-redux,8046,86722827,1474560,0,4104,83,892872,0,0,0,0,2860129
5e251141-0ece-4cb6-a5ac-2b6bc0d5b7b4,2026-05-29 22:12:31,cpp,binary-trees,2543,27406062,241664,0,1380,109,1172787,0,0,0,0,961657
93de55cd-b59d-4cfc-84de-b7a95ad64e98,2026-05-29 22:09:31,cpp,mandelbrot,2570,27700069,1253376,0,1585,52,557855,0,0,0,0,1104372
87bbffb9-1704-4524-a011-56abcb160114,2026-05-29 22:06:41,cpp,fasta,2493,26874137,0,0,1940,84,904717,0,0,0,0,1351847
aee0d426-708e-4a5b-a10f-f8f6f5ab8930,2026-05-29 22:03:25,cpp,spectral-norm,836,9013730,1474560,0,590,17,187009,0,0,0,0,410894
e7d0aeec-4b09-4c74-8eb5-e87f8ac78098,2026-05-29 21:57:45,cpp,n-body,2254,24295951,1253376,0,2288,48,518607,0,0,0,0,1594349
325a0fc9-90c3-4afc-a525-28193c93ded3,2026-05-29 21:51:56,cpp,fannkuch-redux,7923,85400989,1474560,0,3972,80,861500,15,162600,0,1100,2768379
9f4f9990-ed4d-484e-9193-0636f673001f,2026-05-29 21:49:11,cpp,binary-trees,2603,28060664,241664,8192,1455,104,1125422,0,0,0,0,1014303
53662614-418b-44b1-956d-46039a262d7e,2026-05-29 21:46:11,cpp,mandelbrot,2527,27240045,1253376,0,1644,53,572016,0,0,0,0,1145504
2b16318f-9258-41af-a1b3-22d29c398fd9,2026-05-29 21:43:20,cpp,fasta,2488,26814261,0,0,1902,83,896477,3,33850,0,229,1325288
39a1ac0e-cf73-4ca4-b257-d7febf1d1081,2026-05-29 21:40:11,cpp,spectral-norm,803,8658323,1474560,0,570,14,148435,0,0,0,0,397585
e295d92b-c49a-4f06-be9d-fec946bb0c40,2026-05-29 21:34:39,cpp,n-body,2234,24079398,1253376,0,2342,50,538017,0,0,0,0,1632273
c4f76994-5d0d-49d9-aa12-c2646284a9fe,2026-05-29 21:29:12,cpp,fannkuch-redux,7935,85524888,1474560,0,3988,80,862356,1,10347,0,70,2779601
012396a0-359a-43af-ba8e-57d6f364112d,2026-05-29 21:26:27,cpp,binary-trees,2587,27887508,241664,0,1424,96,1034356,0,0,0,0,992629
a6a6a81b-897a-40fc-979a-44dfaec818ce,2026-05-29 21:23:26,cpp,mandelbrot,2491,26854180,1253376,0,1646,54,585992,0,0,0,0,1147123
ab95a5c7-315d-403c-bf32-27744f644526,2026-05-29 21:20:24,cpp,fasta,2497,26915094,0,0,1883,85,913078,0,0,0,0,1312435
29efed27-8cc1-4663-a1e7-bffabf039eed,2026-05-29 21:17:12,cpp,spectral-norm,830,8949217,1474560,0,564,15,157896,0,0,0,0,393089
39c3440f-5525-4418-86ef-31b9721243aa,2026-05-29 21:11:33,cpp,n-body,2252,24272575,1253376,0,2310,48,515985,0,0,0,0,1609696
c72f9842-ee5b-418c-95b0-4e1e6818b16f,2026-05-29 21:05:57,cpp,fannkuch-redux,7957,85759201,1474560,0,3974,79,854664,8,81300,0,550,2769568
b785cf0f-d161-462f-8d05-c2b6b5ebf4c4,2026-05-29 21:03:05,cpp,binary-trees,2589,27907709,241664,0,1503,111,1199703,3,33850,0,229,1047574
85041330-e2a2-4556-bf7f-e29351e9f3f9,2026-05-29 21:00:11,cpp,mandelbrot,2510,27052547,1253376,0,1564,52,565545,0,0,0,0,1089685
ee2e6f12-6c64-484c-bbbd-3fd295340c6d,2026-05-29 20:57:21,cpp,fasta,2542,27399469,0,0,1909,84,908258,0,0,0,0,1330369
f9efd509-24c4-4497-8f82-0862e6a89bbb,2026-05-29 20:54:12,cpp,spectral-norm,846,9123655,1474560,0,589,14,155882,0,0,0,0,410506
d0b52a32-9b06-49ed-a4bc-90112a624d65,2026-05-29 20:48:41,cpp,n-body,2238,24121392,1253376,0,2339,48,512261,0,0,0,0,1629941
e98f24ec-94ca-4c4c-b3a5-cd6a9bedf387,2026-05-29 20:43:14,cpp,fannkuch-redux,7998,86208481,1474560,0,4030,82,886767,0,0,0,0,2808630
7245c1d4-6ff4-4ce7-b24b-86cf670bf3e5,2026-05-29 20:40:14,cpp,binary-trees,2598,27997248,241664,0,1477,101,1086970,0,0,0,0,1029035
69c1e041-f009-4423-abb0-583238276618,2026-05-29 20:37:21,cpp,mandelbrot,2722,29344110,1253376,0,1708,55,592952,0,0,0,0,1190591
e5e4afd4-bd4b-4fd0-ab67-e25f03cacdc5,2026-05-29 20:34:31,cpp,fasta,2510,27049188,0,0,1899,83,889337,0,0,0,0,1323711
e285a30c-9f4a-42eb-bd81-5868d6347206,2026-05-29 20:31:24,cpp,spectral-norm,865,9328184,1474560,0,605,15,162169,0,0,0,0,421304
428e5a26-964d-49d1-a065-3502f3c4ca36,2026-05-29 20:25:52,cpp,n-body,2220,23926263,1253376,0,2310,48,517327,0,0,0,0,1609918
fe9af290-7282-4872-ba5b-4bd494f25f69,2026-05-29 20:20:26,cpp,fannkuch-redux,7988,86098192,1474560,0,4005,80,857837,0,0,0,0,2791167
47887896-fb7f-4a80-bfd8-4201950b62df,2026-05-29 20:17:41,cpp,binary-trees,2521,27168025,241664,0,1525,113,1213497,0,0,0,0,1062981
1dbd740b-4ecd-4195-a64a-3038087ff598,2026-05-29 20:14:45,cpp,mandelbrot,2538,27355705,1253376,0,1646,55,595818,0,0,0,0,1146869
5e6a2b3c-c66a-4c88-8ee3-7e3155d17ca4,2026-05-29 20:11:51,cpp,fasta,2508,27032464,0,0,1887,83,898248,0,0,0,0,1315424
d6e9d0a6-4045-42d9-84f0-fd77d4b1cb94,2026-05-29 20:08:40,cpp,spectral-norm,1184,12764584,1474560,0,893,21,222409,0,0,0,0,622481
e9af6c96-8881-4257-ae83-0311b7ff2ddc,2026-05-29 20:03:02,cpp,n-body,2224,23974295,1253376,0,2355,50,539972,3,27199,0,184,1641463
2caef18a-ed0d-4096-b233-dbdf172fabc3,2026-05-29 19:57:29,cpp,fannkuch-redux,8163,87981188,1474560,0,4053,79,853991,0,0,0,0,2824549
c65ad020-58a9-4408-8a6d-ef414054daa8,2026-05-29 19:54:44,cpp,binary-trees,2592,27933893,241664,0,1447,98,1051265,0,0,0,0,1008766
094d90a8-92ac-4b1d-81bf-692d5c4572d1,2026-06-06 23:05:58,cpp,regex-redux,13295,143294039,254537728,114688,8303,334,3597507,0,0,0,0,5786599
62601724-508d-4028-8c3d-dc6ed8b05ee0,2026-06-06 23:03:04,cpp,k-nucleotide,3526,38001272,255426560,0,3113,228,2456473,0,0,0,0,2169332
0019b77e-3970-474f-b859-c0a0c2e60dbb,2026-06-06 21:40:22,cpp,regex-redux,13339,143769807,254537728,36864,8422,345,3716216,0,0,0,0,5869536
75f63de7-282b-42e4-9a64-6d17c98bfb72,2026-06-06 21:37:26,cpp,k-nucleotide,3564,38418081,255426560,0,3170,233,2515493,11,121211,0,820,2209135
9f65a75e-6961-4815-9f22-b6fb01550218,2026-06-06 20:14:57,cpp,regex-redux,13379,144209506,254537728,0,8300,330,3556248,0,0,0,0,5784217
7f4aa59c-0068-439e-88f7-36136211780d,2026-06-06 20:11:56,cpp,k-nucleotide,3672,39582083,255426560,0,3080,211,2270009,0,0,0,0,2146224
c4546f00-a8db-4dbd-bc8b-208045457f5c,2026-06-06 18:48:42,cpp,regex-redux,13282,143157565,254537728,102400,8251,330,3554778,0,0,0,0,5750171
787448ec-73fc-4cbb-abd0-c15d1a651d2e,2026-06-06 18:45:47,cpp,k-nucleotide,3580,38582448,255426560,0,3047,213,2296436,0,0,0,0,2123204
98fcb218-e5a7-4bcb-aa36-ca6c49645598,2026-06-06 17:23:20,cpp,regex-redux,13872,149513811,254537728,0,12661,435,4684037,0,0,0,0,8823960
459a3f29-0d78-46c3-a680-83c0d26d2257,2026-06-06 17:20:17,cpp,k-nucleotide,3556,38331837,255426560,0,3022,211,2275257,0,0,0,0,2106274
9cf698d4-dde0-44fc-a9cf-b10beb048963,2026-06-06 15:57:32,cpp,regex-redux,13402,144447418,254599168,126976,8410,334,3599519,23,243900,0,1650,5861344
96ab9076-5b05-41f4-9296-c1bd766b4390,2026-06-06 15:54:36,cpp,k-nucleotide,3588,38673145,255426560,0,3106,227,2442558,3,33850,0,229,2164616
9c14fa1a-697a-451c-ae05-3074eb86c2a3,2026-06-06 14:31:56,cpp,regex-redux,13620,146806551,254537728,69632,8187,331,3566927,0,0,0,0,5705513
628bffe8-9024-4f4e-b411-f74c457cb83f,2026-06-06 14:29:01,cpp,k-nucleotide,3581,38598011,255426560,0,3005,215,2314749,0,0,0,0,2094568
c0b3bc2d-bf86-4546-9156-a3361250de4a,2026-06-06 13:05:55,cpp,regex-redux,13661,147247347,254537728,53248,8812,351,3787259,0,0,0,0,6141415
7bfc5815-fa2c-4a21-93f8-f1a6bdfb9915,2026-06-06 13:02:45,cpp,k-nucleotide,3498,37706408,255426560,0,3170,232,2496999,0,0,0,0,2209455
052c44b0-d8e1-45c3-9b77-96173ddce8e6,2026-06-06 11:39:41,cpp,regex-redux,13314,143508637,254537728,0,8013,328,3537510,0,0,0,0,5584791
61122fc9-375c-4ec0-beb6-8e53d534a006,2026-06-06 11:36:46,cpp,k-nucleotide,3589,38679189,255426560,0,2979,217,2339222,0,0,0,0,2076438
83013daf-2f6a-491e-be32-098dda3ee1e6,2026-06-06 10:13:54,cpp,regex-redux,13534,145877044,254537728,0,8265,329,3550876,0,0,0,0,5759834
5e21af63-c75a-4e71-a28f-4f30318a61a5,2026-06-06 10:10:58,cpp,k-nucleotide,3560,38367664,255426560,0,3046,222,2396963,0,0,0,0,2123123
51e488d6-efaf-4f4f-b32c-7e3bd659db2b,2026-05-29 19:49:33,csharp,mandelbrot,2562,27613886,0,0,1510,52,556573,0,0,0,0,1052277
d5a8dd7f-ab7e-4795-8092-a54ff042085f,2026-05-29 19:46:12,csharp,fasta,3807,41038016,0,73728,2138,137,1474176,15,162600,0,1100,1489793
103eaa7b-cd40-4f6e-915e-8ef912290c5b,2026-05-29 19:42:33,csharp,spectral-norm,1400,15085629,0,0,838,21,221066,0,0,0,0,584232
616998f8-c9c1-434d-8a04-8df2c4dc1320,2026-05-29 19:35:56,csharp,n-body,3674,39596239,0,0,3211,65,704949,8,81300,0,550,2238031
fab6f6ff-ede7-41be-9f6a-84e2c5fcdc78,2026-05-29 19:29:19,csharp,fannkuch-redux,6439,69399159,0,0,3003,60,650689,0,0,0,0,2092752
d9b754a1-e57c-4523-abd7-a030b6a61ac5,2026-05-29 19:25:52,csharp,binary-trees,12289,132451631,0,0,8066,944,10178988,11,121211,0,820,5621768
43056a2a-1f71-4399-8d7a-492ea4ce04ff,2026-05-29 19:22:22,csharp,mandelbrot,2541,27389399,0,0,1544,51,546684,0,0,0,0,1076308
a75819ec-0625-4254-9cc7-2a1b39992ccd,2026-05-29 19:19:03,csharp,fasta,3813,41097464,0,0,2123,137,1478447,0,0,0,0,1479571
8d73c375-4420-4b23-a587-13ae676722c8,2026-05-29 19:15:24,csharp,spectral-norm,1384,14917050,0,0,889,20,217709,0,0,0,0,619305
f18b9265-9c41-4e97-ad9b-e3be70723bde,2026-05-29 19:08:46,csharp,n-body,3672,39573900,0,0,3197,66,714591,0,0,0,0,2227737
78ff62a8-33e3-4a08-b764-910f2dd9b90a,2026-05-29 19:02:09,csharp,fannkuch-redux,6351,68448598,0,0,3285,66,713067,0,0,0,0,2289187
c4d00f72-e5c9-4a25-99e4-7fc28b345673,2026-05-29 18:58:56,csharp,binary-trees,12900,139046170,0,86016,8549,991,10680819,4,39911,0,270,5957885
da8f51ef-825a-4893-ade7-07a98651c078,2026-05-29 18:55:20,csharp,mandelbrot,2555,27541926,0,0,1507,49,523005,0,0,0,0,1050365
e43bd486-b32b-46e2-9b8b-c13c38f9c165,2026-05-29 18:51:55,csharp,fasta,3899,42021721,0,0,2194,137,1471674,0,0,0,0,1529075
d8325358-b8da-4eed-a827-91fa94954de1,2026-05-29 18:48:17,csharp,spectral-norm,1375,14818113,0,0,855,20,210874,0,0,0,0,595700
4d7177cf-126b-4d4a-a257-9f704a7adba5,2026-05-29 18:41:43,csharp,n-body,3659,39433521,0,0,3222,64,687005,0,0,0,0,2245761
69b555eb-f7e1-467c-a641-febea81c5e33,2026-05-29 18:35:10,csharp,fannkuch-redux,6440,69410876,0,0,3019,61,657159,0,0,0,0,2104275
2b3fadc7-5a66-4bfa-a18c-fbbdcbc3492e,2026-05-29 18:31:56,csharp,binary-trees,12956,139648831,0,0,8606,972,10476771,26,283811,0,1920,5997683
57e9ecdf-5a82-4f9b-89e3-96516d574af9,2026-05-29 18:28:29,csharp,mandelbrot,2553,27518547,0,0,1498,50,538627,0,0,0,0,1043849
9ca55109-6c42-4675-9ad6-08aaa28b3c8e,2026-05-29 18:25:10,csharp,fasta,3816,41132929,0,0,2172,145,1565605,0,0,0,0,1513515
db1252a1-5c9e-4981-b551-a90342a87e63,2026-05-29 18:21:34,csharp,spectral-norm,1376,14829587,0,0,830,20,217588,0,0,0,0,578637
8862a05e-2a35-4a8c-ac8d-9f8f356b7dcd,2026-05-29 18:14:58,csharp,n-body,3608,38886342,0,0,3240,66,706594,0,0,0,0,2258136
5b5fbdd9-28fd-438e-9f4b-f62a9c11da87,2026-05-29 18:08:19,csharp,fannkuch-redux,6436,69364673,0,0,3047,61,652522,0,0,0,0,2123538
beeb55b8-8323-49ba-b43b-532153086f47,2026-05-29 18:05:06,csharp,binary-trees,12331,132911224,0,0,8321,978,10544041,0,0,0,0,5799190
7995083a-69b0-4dd0-b747-d0de072f8a09,2026-05-29 18:01:32,csharp,mandelbrot,2616,28198480,0,0,1509,47,511286,0,0,0,0,1051508
bc6e4dfa-4db0-4ede-9bf2-f5bbfedb035f,2026-05-29 17:58:07,csharp,fasta,3856,41564385,0,0,2179,139,1495903,0,0,0,0,1518767
2974964f-607d-40a6-9c7c-b76ce0edad43,2026-05-29 17:54:35,csharp,spectral-norm,1373,14795956,0,0,850,20,214962,0,0,0,0,592438
4f3c84c2-21e0-4bf7-a79e-c1b224ff62ae,2026-05-29 17:47:54,csharp,n-body,3681,39676807,0,0,3213,66,706169,15,162600,0,1100,2239523
ba2afba6-bad2-4309-b0fe-b0348dbf6772,2026-05-29 17:41:16,csharp,fannkuch-redux,6425,69247305,0,0,3037,61,655938,0,0,0,0,2116269
c0c69a0b-93f3-49e1-8e66-b17c9644240c,2026-05-29 17:37:56,csharp,binary-trees,12807,138034211,0,77824,8634,976,10516328,26,283811,0,1920,6017241
76fd39ff-61fc-41c7-9cab-1dd9fbe4fd65,2026-05-29 17:34:34,csharp,mandelbrot,2602,28049617,0,0,1504,51,546564,0,0,0,0,1047883
323ea9bd-3482-491b-a39f-8765a1722da1,2026-05-29 17:31:08,csharp,fasta,3897,42000176,0,0,2202,134,1448968,0,0,0,0,1534836
833adca1-1048-4324-9c68-a23276383c78,2026-05-29 17:27:31,csharp,spectral-norm,1362,14680051,0,0,855,20,215268,0,0,0,0,595765
3bd6e345-f306-414f-b1c4-f770770321a0,2026-05-29 17:20:40,csharp,n-body,3719,40085074,0,0,3203,64,688591,0,0,0,0,2232481
6371b3a1-b497-4d04-a6fa-3be0f27f8396,2026-05-29 17:14:07,csharp,fannkuch-redux,6423,69234484,0,0,3024,60,649101,0,0,0,0,2107425
5072664a-9613-42c0-a492-66acd18489c0,2026-05-29 17:10:54,csharp,binary-trees,12681,136682217,0,24576,8425,972,10475802,4,39911,0,270,5871466
854360f4-c5a2-4b03-986f-f56a1972f67b,2026-05-29 17:07:34,csharp,mandelbrot,2563,27629023,0,0,1476,48,516474,0,0,0,0,1028982
33bd01e9-936a-41b0-bc8e-f4de0c50d64d,2026-05-29 17:04:14,csharp,fasta,3823,41202385,0,0,2156,139,1497856,8,81300,0,550,1502802
5d075223-9433-4d2b-8481-72dc9299b465,2026-05-29 17:00:40,csharp,spectral-norm,1368,14746090,0,0,847,20,216366,0,0,0,0,590519
ffae69c5-a8e1-4d1e-b23a-3a965ae4100d,2026-05-29 16:53:54,csharp,n-body,3647,39310780,0,0,3216,63,683281,26,283811,0,1920,2241391
e44c7743-0f06-4789-9549-7bcd3ca3e36f,2026-05-29 16:47:20,csharp,fannkuch-redux,6450,69521961,0,45056,2996,61,658746,0,0,0,0,2087891
8d2b9fe5-0985-4c1e-824d-e8f31f448ac3,2026-05-29 16:44:03,csharp,binary-trees,13247,142777985,0,57344,9143,998,10760834,0,0,0,0,6372191
dc494563-e88b-4fad-a996-deeb3792279d,2026-05-29 16:40:44,csharp,mandelbrot,2558,27574947,0,90112,1510,51,554132,0,0,0,0,1052230
cb6f34c4-1582-4356-bfdb-1efaceb55630,2026-05-29 16:37:17,csharp,fasta,3984,42941215,0,0,2231,138,1482535,0,0,0,0,1554944
8b9c2700-ec63-4609-8c48-a1c42863e599,2026-05-29 16:33:47,csharp,spectral-norm,1368,14743285,0,0,870,19,205197,0,0,0,0,606021
1ec86434-e843-4a10-8d15-1fa459cbba72,2026-05-29 16:27:13,csharp,n-body,3677,39637253,0,0,3183,62,668023,0,0,0,0,2218267
7f2e7cb6-63e4-480d-b9ec-3fe1b2f9e4e7,2026-05-29 16:20:32,csharp,fannkuch-redux,6268,67556812,0,0,3560,71,761953,0,0,0,0,2481372
301712f7-1726-4d50-a820-ced0bb17a98f,2026-05-29 16:17:19,csharp,binary-trees,12263,132174413,0,4096,7935,941,10142614,0,0,0,0,5530040
25cc75e7-684a-47e4-99b2-aa456266ca8d,2026-05-29 16:13:57,csharp,mandelbrot,2544,27420280,0,0,1552,51,546992,11,121211,0,820,1081366
9c27a81f-0846-4f78-a790-e686b0daaefc,2026-05-29 16:10:37,csharp,fasta,3960,42686579,0,0,2231,135,1453910,0,0,0,0,1554571
b3e5790e-2b0f-4425-b431-4ffa662710f7,2026-05-29 16:06:58,csharp,spectral-norm,1388,14959957,0,0,826,20,219785,0,0,0,0,575882
78e95f1c-92cb-4da7-b627-76f8f3421409,2026-05-29 16:00:17,csharp,n-body,3627,39090809,0,0,3219,63,677667,0,0,0,0,2243064
4e12a30e-3220-4a3e-a092-7520c373fefa,2026-05-29 15:53:46,csharp,fannkuch-redux,6423,69234550,0,0,3005,59,637933,0,0,0,0,2093935
45a7c7d2-7b84-4dfa-89a6-54b44480083f,2026-05-29 15:50:15,csharp,binary-trees,12532,135080720,0,110592,8246,949,10232147,0,0,0,0,5746773
b8d8e9d6-fbed-497e-87f2-af1be5ef0783,2026-05-29 15:46:52,csharp,mandelbrot,2558,27569145,0,0,1517,51,549127,0,0,0,0,1057376
097adda0-6e82-4fa3-8f4b-0a5fe9a41817,2026-05-29 15:43:31,csharp,fasta,3905,42088129,0,98304,2153,136,1466974,3,32520,0,220,1500231
5e182dcd-8333-4b85-8ac6-0119fa5455c6,2026-05-29 15:39:55,csharp,spectral-norm,1368,14739682,0,0,852,20,213987,15,162600,0,1100,593960
a8218505-8a24-41e7-ab67-1dc7c0914a43,2026-05-29 15:33:19,csharp,n-body,3669,39543566,0,0,3199,66,706597,0,0,0,0,2229469
7047baa5-1610-4c47-bacc-b422ee2472e4,2026-05-29 15:26:45,csharp,fannkuch-redux,6439,69403979,0,0,3000,60,647759,0,0,0,0,2090910
6b571713-1a48-400c-9e89-9e2e1549fd1c,2026-05-29 15:23:32,csharp,binary-trees,12587,135665131,0,98304,8523,957,10318879,0,0,0,0,5939741
60ffeb55-b11b-4b4f-aa7e-c1421423dd2e,2026-06-06 23:12:43,csharp,regex-redux,11429,123185576,254455808,73728,8576,291,3139500,0,0,0,0,5977129
cca81128-09f6-4b17-ba56-11b56eabadca,2026-06-06 23:09:20,csharp,k-nucleotide,7284,78509142,254173184,0,4533,173,1864911,0,0,0,0,3158892
5f1e363c-f5dd-4f70-837e-a87fc6094929,2026-06-06 21:47:17,csharp,regex-redux,11445,123362028,254455808,49152,8723,292,3144137,0,0,0,0,6079355
b08ce388-27cc-4573-9035-a43b7e11b2bb,2026-06-06 21:43:42,csharp,k-nucleotide,7255,78202438,254173184,0,4455,149,1607955,0,0,0,0,3104659
71499ac9-c773-4174-bf10-209306908cba,2026-06-06 20:21:52,csharp,regex-redux,11477,123701023,254455808,61440,8498,288,3099768,0,0,0,0,5922212
f52cb5f2-da16-40b8-b95a-2464bf393ba4,2026-06-06 20:18:18,csharp,k-nucleotide,7287,78546433,254173184,0,4318,169,1826035,0,0,0,0,3009216
b5f5de22-119d-4efb-8d9e-0ca9a365c5bc,2026-06-06 18:55:37,csharp,regex-redux,11414,123025298,254455808,36864,8469,289,3112461,0,0,0,0,5902206
f06603dd-d3d5-4465-9d25-74109a41b845,2026-06-06 18:52:07,csharp,k-nucleotide,7345,79163255,254173184,0,4564,175,1889997,0,0,0,0,3181056
c59dbc03-b1b9-435b-88c2-16ed03e13a90,2026-06-06 17:30:13,csharp,regex-redux,11272,121492276,254455808,0,8503,287,3091529,0,0,0,0,5926310
68ef32ef-3735-4664-836f-3d07303b8f77,2026-06-06 17:26:47,csharp,k-nucleotide,7259,78237716,254173184,0,4615,176,1892870,0,0,0,0,3216147
f8c646eb-f52e-439a-8464-6cfd88a935ba,2026-06-06 16:04:27,csharp,regex-redux,11398,122848541,254455808,57344,8573,288,3105503,7,80709,0,546,5974995
b1a89ef2-26e2-4d12-9671-5e8eedfb2a1f,2026-06-06 16:01:01,csharp,k-nucleotide,7190,77493877,254173184,0,4470,150,1619550,0,0,0,0,3115067
d735e105-ca7f-437d-bd7a-f45399ff3cea,2026-06-06 14:38:46,csharp,regex-redux,11410,122976654,254455808,0,8479,284,3062717,0,0,0,0,5909508
40293b71-7261-4616-90f7-365e47c71a76,2026-06-06 14:35:19,csharp,k-nucleotide,7278,78441878,254173184,0,4547,175,1883286,0,0,0,0,3168725
22db33e3-e3e9-46e0-96f4-3e0277f79da8,2026-06-06 13:12:45,csharp,regex-redux,11395,122815398,254455808,0,8437,292,3150057,0,0,0,0,5879834
d6fe6841-bde0-4ec3-ab2c-2e0d989694c2,2026-06-06 13:09:16,csharp,k-nucleotide,7294,78612775,254173184,0,4602,177,1912521,0,0,0,0,3206943
1c1cae51-5723-48fb-a506-0b437440fa81,2026-06-06 11:46:37,csharp,regex-redux,11265,121420195,254455808,0,8505,287,3094332,0,0,0,0,5927167
5aa810f4-6803-4608-a0d9-0fe7862717a0,2026-06-06 11:43:08,csharp,k-nucleotide,7306,78746261,254173184,69632,4371,159,1717208,0,0,0,0,3046598
d049da04-10a4-46fc-ab88-2b7328f92d27,2026-06-06 10:20:48,csharp,regex-redux,11376,122612097,254455808,53248,8402,287,3096285,0,0,0,0,5855624
d36e9359-b204-4951-88a1-6e60d70c28ea,2026-06-06 10:17:14,csharp,k-nucleotide,7359,79321150,254173184,0,4403,163,1753524,0,0,0,0,3068736
bbccff80-4099-43a4-ad7d-96e52ecb0c31,2026-05-13 23:27:02,dart,mandelbrot,14782,159324313,0,0,8012,172,1850195,0,0,0,0,5583875
7acc1b72-486e-4e69-9167-88717d4800ae,2026-05-13 23:24:10,dart,fasta,7174,77323046,0,0,5238,179,1924786,11,121211,0,820,3650619
8f669508-1e7b-49a1-b680-c21ad59291e5,2026-05-13 23:21:09,dart,spectral-norm,1833,19761593,0,0,980,21,227170,0,0,0,0,682962
216bb7f1-bc4d-4536-822a-740659a593ba,2026-05-13 23:15:41,dart,n-body,6616,71306801,0,0,6432,124,1337937,0,0,0,0,4482922
f09f2d71-31bd-4c38-bb60-90aac7f4d06e,2026-05-13 23:10:16,dart,fannkuch-redux,39304,423633372,0,0,15537,299,3217374,0,0,0,0,10828319
f09dc1f0-fc29-4627-ae49-0a8ca648b675,2026-05-13 23:07:25,dart,binary-trees,17709,190874148,0,0,16914,1933,20838923,0,0,0,0,11788127
ed469de6-c88d-417e-97d6-22dd772c06b7,2026-05-13 23:04:32,dart,mandelbrot,14610,157478424,0,0,7936,170,1835671,0,0,0,0,5530628
1ce88b71-b645-4024-8204-3df2cca5768a,2026-05-13 23:01:27,dart,fasta,7136,76917708,0,0,5235,182,1964091,0,0,0,0,3648719
5a516260-793f-414f-8b86-be116eb99b40,2026-05-13 22:58:25,dart,spectral-norm,1832,19748837,0,0,993,24,257992,0,0,0,0,691732
722d6a12-77ee-426a-8efc-9594d165978f,2026-05-13 22:52:57,dart,n-body,6612,71262554,0,0,6390,123,1321337,4,39911,0,270,4453712
ac6cf9ee-df53-416c-aa66-b5e7449ee409,2026-05-13 22:47:24,dart,fannkuch-redux,39390,424567330,0,0,15560,297,3196135,0,0,0,0,10843953
a5b02c93-d394-40ba-b462-c626ce33d956,2026-05-13 22:44:27,dart,binary-trees,16999,183220278,0,0,16741,1900,20478397,0,0,0,0,11667615
0ca4c23a-6a92-48b8-bab4-a79cb66ef6c8,2026-05-13 22:41:34,dart,mandelbrot,13643,147054421,0,0,5934,135,1457132,0,0,0,0,4135847
6e080665-006b-4768-bef4-18462c2314d8,2026-05-13 22:38:43,dart,fasta,7255,78201214,0,0,5230,182,1958415,0,0,0,0,3645278
5e2f6407-33e7-4c1d-a0f1-8f97cc2a9c39,2026-05-13 22:35:43,dart,spectral-norm,1830,19719723,0,0,1000,24,255735,0,0,0,0,697251
0d90442d-f8cd-43d5-bb65-8799aae44e92,2026-05-13 22:30:15,dart,n-body,6662,71802958,0,0,6413,124,1339524,0,0,0,0,4469327
9bf98f3c-0c7d-4c8d-9997-b0056ae4c945,2026-05-13 22:24:50,dart,fannkuch-redux,39294,423525578,0,0,15489,295,3181000,0,0,0,0,10795037
bdc6ed14-80b6-42e4-a96d-b308e14ab0bd,2026-05-13 22:21:59,dart,binary-trees,20357,219415768,0,0,18244,1953,21045471,34,365111,0,2470,12714806
8010541b-8cdc-47ee-abcf-0c5cd110b438,2026-05-13 22:19:05,dart,mandelbrot,13554,146086587,0,0,5817,128,1383773,1,10347,0,70,4054047
49f0629e-b91f-4c79-b7e6-0b78bf4276ae,2026-05-13 22:16:14,dart,fasta,7082,76332012,0,0,5344,184,1987347,23,243900,0,1650,3724650
5006efc1-51b9-44e9-a97e-63f1039d1e2e,2026-05-13 22:13:13,dart,spectral-norm,1826,19683772,0,0,990,22,242184,0,0,0,0,689817
e1393c91-0905-474d-ab06-da3f681db7ca,2026-05-13 22:07:39,dart,n-body,6595,71086464,0,0,6385,125,1343063,0,0,0,0,4449761
ffa0e6f5-b411-47be-92a7-cba53c5ae973,2026-05-13 22:01:57,dart,fannkuch-redux,39321,423816472,0,0,15565,299,3220242,34,365111,0,2470,10847974
614df3b7-d271-4fb6-950c-255ec6eada9e,2026-05-13 21:59:06,dart,binary-trees,21518,231926264,0,0,18368,1973,21269714,5,50258,0,340,12800903
9b3ded84-039e-4054-b670-32cfb6da36f4,2026-05-13 21:56:11,dart,mandelbrot,14611,157481966,0,0,7889,169,1821445,0,0,0,0,5498246
fe31a52f-258b-4805-9cf9-9e5d85f67afc,2026-05-13 21:53:18,dart,fasta,7104,76567243,0,0,5316,182,1961040,0,0,0,0,3704854
e06b6f8e-d1b7-44fc-941f-e93e8b3f19bc,2026-05-13 21:50:16,dart,spectral-norm,1844,19877927,0,0,1021,24,258115,0,0,0,0,711568
015651b2-dcce-4bd6-83da-3965e0cfbc14,2026-05-13 21:44:50,dart,n-body,6597,71107278,0,0,6404,124,1337631,0,0,0,0,4463257
9843cb0d-882c-4134-b3be-4e583f2ea081,2026-05-13 21:39:26,dart,fannkuch-redux,39322,423833383,0,0,15605,300,3230801,0,0,0,0,10875659
aafa6759-4f65-4a57-8110-05c5a50130ea,2026-05-13 21:36:29,dart,binary-trees,17289,186343815,0,0,16903,1931,20812989,0,0,0,0,11780034
29a73347-5187-43ea-9a35-00cc1eeb208d,2026-05-13 21:33:36,dart,mandelbrot,13553,146080054,0,0,5839,130,1402082,0,0,0,0,4069207
92c6e5e0-3a80-4828-82c5-ac8d87e94c45,2026-05-13 21:30:46,dart,fasta,7151,77073408,0,0,5246,181,1953532,0,0,0,0,3656023
cdbcf4c5-4b26-4f41-a9c8-e0af952c47c8,2026-05-13 21:27:45,dart,spectral-norm,1835,19783384,0,0,1024,24,263485,0,0,0,0,713381
14c7c624-7ad6-44cd-9459-b09f7bad7ed1,2026-05-13 21:22:19,dart,n-body,6659,71776042,0,0,6422,125,1352588,0,0,0,0,4475955
904a204a-9c24-42c4-a2b8-6223ed677a45,2026-05-13 21:16:54,dart,fannkuch-redux,39352,424154974,0,0,15540,297,3199062,0,0,0,0,10830139
7545e459-8d7e-44d5-87a9-bc7d3a12ab2f,2026-05-13 21:14:05,dart,binary-trees,17239,185810306,0,0,16724,1920,20692144,23,243900,0,1650,11655314
6dd661f4-8da8-4f50-821a-5c0344d3d356,2026-05-13 21:11:12,dart,mandelbrot,13531,145844403,0,0,5858,129,1395245,0,0,0,0,4082424
c09f1a59-6aa5-4f3a-b3fb-7e94ed75d3e1,2026-05-13 21:08:21,dart,fasta,6964,75059979,0,0,5283,184,1985700,0,0,0,0,3681905
00acb86c-424f-499d-93b4-376a2e90c7da,2026-05-13 21:05:21,dart,spectral-norm,1814,19550657,0,0,972,24,254695,0,0,0,0,677158
84a0c050-2697-4574-981d-1577b288021e,2026-05-13 20:59:39,dart,n-body,6639,71554848,0,0,6440,125,1344591,0,0,0,0,4488402
ea34705b-0b47-4564-be46-9dc9ed54a8f6,2026-05-13 20:54:15,dart,fannkuch-redux,39282,423404002,0,0,15510,296,3189114,0,0,0,0,10809420
808a563f-fb22-4ec0-a364-4f5ebc07a065,2026-05-13 20:51:25,dart,binary-trees,17516,188797301,0,0,17108,1961,21134766,0,0,0,0,11923392
e1bdafa2-02bd-48fe-8c37-a467d0aab6ec,2026-05-13 20:48:31,dart,mandelbrot,14798,159499606,0,0,8108,173,1868261,0,0,0,0,5650605
155b3332-f9eb-4f0e-bb41-bea74bc5ff2f,2026-05-13 20:45:39,dart,fasta,7171,77294112,0,0,5277,187,2015243,0,0,0,0,3677478
d46f8acd-7448-41e7-afb4-e4cb96bef69b,2026-05-13 20:42:38,dart,spectral-norm,1847,19904660,0,0,979,24,256222,0,0,0,0,682176
5588cefa-e81f-4953-b53e-4f23e3b1bbc7,2026-05-13 20:37:06,dart,n-body,6634,71506264,0,0,6528,127,1372669,1,10347,0,70,4549846
4a237521-2459-4037-82ce-a805de936167,2026-05-13 20:31:35,dart,fannkuch-redux,39272,423286261,0,0,15535,295,3178560,1,10347,0,70,10826951
23983be8-8ccd-41a9-803b-d10db398ee00,2026-05-13 20:28:45,dart,binary-trees,18248,196684816,0,0,17463,1988,21424200,0,0,0,0,12170260
44120991-a063-406e-b9bf-bf711f5ef6db,2026-05-13 20:25:52,dart,mandelbrot,13510,145621137,0,0,5885,130,1399150,1,10347,0,70,4101114
1e773dae-b259-4661-a19a-d90dd84197e5,2026-05-13 20:23:03,dart,fasta,7183,77426250,0,0,5287,183,1977520,0,0,0,0,3684449
a5fc37ee-79ea-4a29-87c6-177d93cc9ae3,2026-05-13 20:20:03,dart,spectral-norm,1840,19831662,0,0,1016,24,257076,1,10347,0,70,707779
18e56029-5a5e-4baf-9829-d1563f14bd2b,2026-05-13 20:14:37,dart,n-body,6647,71644813,0,0,6428,124,1335923,0,0,0,0,4480183
a24a663e-e103-43a8-80d8-451d4da8f646,2026-05-13 20:09:00,dart,fannkuch-redux,39437,425069165,0,0,15564,296,3187956,4,39911,0,270,10846726
3a1534e2-8981-449e-bf53-52c78cd71a9f,2026-05-13 20:06:10,dart,binary-trees,17266,186099062,0,0,16677,1908,20567689,1,10347,0,70,11622894
23c4cc02-94d9-4a26-9029-9a1d9d096472,2026-05-13 20:03:17,dart,mandelbrot,13583,146403299,0,0,5855,131,1416790,0,0,0,0,4080716
1914c1a5-465a-4f69-8fba-ee010fb85d3c,2026-05-13 20:00:27,dart,fasta,7259,78236551,0,0,5222,183,1975625,1,10347,0,70,3639553
3c3b6d18-4547-4387-a6ea-f6322f9a3898,2026-05-13 19:57:20,dart,spectral-norm,1866,20114070,0,0,1057,26,276242,0,0,0,0,736847
cad5a166-3b94-47fa-816d-2a609d114ed3,2026-05-13 19:51:46,dart,n-body,6704,72260293,0,0,6430,126,1353807,1,10347,0,70,4481046
c929b023-a341-4f5e-9946-6e7ca535ca5a,2026-05-13 19:46:24,dart,fannkuch-redux,39377,424422801,0,0,15537,298,3210596,0,0,0,0,10828232
6afc54c4-08e6-453e-943f-a3d3d90f893c,2026-05-13 19:43:35,dart,binary-trees,17954,193514768,0,0,17288,1975,21289245,1,10347,0,70,12048439
dffd6b58-764e-4633-b63c-340c18e4d9ce,2026-06-06 23:19:11,dart,regex-redux,72167,777848509,254173184,0,50981,1365,14716267,0,0,0,0,35530199
f4fe2e85-abc5-48f4-85f6-3ae862ab2714,2026-06-06 23:15:38,dart,k-nucleotide,20295,218746344,254173184,0,16947,1250,13469971,35,375458,0,2540,11810608
d7d3fa86-e5d5-4113-8717-5937c06ea499,2026-06-06 21:53:31,dart,regex-redux,72071,776807925,254173184,0,50885,1364,14699848,34,365111,0,2470,35463279
5a562879-cd24-42eb-acc6-39e7b1a1fa62,2026-06-06 21:50:16,dart,k-nucleotide,21350,230120483,254173184,0,18009,1122,12095215,0,0,0,0,12551260
36ac1075-7938-4b4a-a159-76462ecdf6d4,2026-06-06 20:27:57,dart,regex-redux,73153,788471683,254173184,0,50789,1353,14588479,34,365111,0,2470,35396598
2811180b-01fc-4b5b-b6e7-bac40d327100,2026-06-06 20:24:43,dart,k-nucleotide,20353,219369879,254173184,0,15650,1109,11951539,20,216702,0,1466,10906582
2f0ed044-1a41-4705-a4d5-c389e6ba162a,2026-06-06 19:01:57,dart,regex-redux,72563,782116819,254173184,0,51042,1359,14645549,34,365111,0,2470,35572575
267728d2-9ec4-4c00-afdf-7a075c878994,2026-06-06 18:58:27,dart,k-nucleotide,20738,223528148,254173184,0,16141,1166,12571231,4,39911,0,270,11249312
f5fa01d9-5f8b-4e24-84e1-e1110db149e4,2026-06-06 17:36:26,dart,regex-redux,72260,778847775,254173184,0,50689,1356,14617961,4,39911,0,270,35326691
f683c995-e3d8-4fd3-806a-141b1a60d642,2026-06-06 17:33:12,dart,k-nucleotide,21379,230434384,254173184,0,17951,1100,11853151,0,0,0,0,12510870
b80e5a98-4ec2-47f7-a4c7-b440172676ac,2026-06-06 16:10:48,dart,regex-redux,73316,790237246,254173184,0,51143,1361,14672092,1,10347,0,70,35643004
ad1b277e-7a9d-4289-9271-fff4dd7ee621,2026-06-06 16:07:19,dart,k-nucleotide,21648,233332632,254173184,0,19269,1200,12930841,0,0,0,0,13429306
c0b892f2-2259-495c-a6f3-368677e7f0e9,2026-06-06 14:45:03,dart,regex-redux,72955,786340273,254173184,0,50765,1350,14551492,39,421430,0,2851,35379215
59e6ac9c-9a3e-41ac-baca-bb671f9bbf9f,2026-06-06 14:41:38,dart,k-nucleotide,20420,220099861,254173184,0,15772,1102,11876829,9,91647,0,620,10992077
0cb3f2c0-f4ca-48b2-946a-ecb974e8ed2e,2026-06-06 13:19:08,dart,regex-redux,72206,778265505,254173184,0,50932,1356,14614295,0,0,0,0,35496209
e6e71391-eb97-4f4f-90cb-375124f970a5,2026-06-06 13:15:38,dart,k-nucleotide,21351,230128471,254173184,0,18059,1109,11956791,23,243900,0,1650,12586135
5ec4635e-0439-4522-a305-9dc36b35411d,2026-06-06 11:52:42,dart,regex-redux,72638,782921202,254173184,0,51124,1358,14632111,4,39911,0,270,35629615
dda92e4a-859e-4bfe-b53b-87934c22826e,2026-06-06 11:49:27,dart,k-nucleotide,20339,219223091,254173184,0,15839,1108,11946902,34,365111,0,2470,11038409
d9c85340-70f8-4806-a248-bedbdf023705,2026-06-06 10:26:53,dart,regex-redux,72644,782994567,254173184,0,50748,1353,14586637,4,39911,0,270,35367441
1422ca0a-4142-4ec7-9b39-32c8845d0841,2026-06-06 10:23:38,dart,k-nucleotide,20189,217602357,254173184,0,15907,1128,12158579,8,81300,0,550,11085957
ee8bd257-5c9f-438d-ae41-b8893d2dbd35,2026-05-11 20:45:49,erlang,mandelbrot,151515,1633100663,1032192,0,61856,1312,14144204,0,0,0,0,43109490
66863559-7adf-405a-b532-ef639e304013,2026-05-11 20:42:17,erlang,fasta,52504,565908043,1032192,0,28194,577,6221000,34,365111,0,2470,19649435
5e52bb15-d035-4d37-ab58-e1038ee1bb94,2026-05-11 20:38:58,erlang,spectral-norm,31818,342945145,1060864,0,13761,273,2942695,0,0,0,0,9590204
d95213e1-7f00-483d-b57f-ed70a057feb6,2026-05-11 20:32:51,erlang,n-body,150974,1627265704,1163264,0,116260,2148,23157418,43,459863,0,3111,81025158
2a108ce7-1ff1-4553-b6a4-cdb5f1201a85,2026-05-11 20:26:01,erlang,fannkuch-redux,166733,1797125179,1130496,0,67638,1262,13603268,34,365111,0,2470,47138944
a80f540e-6b03-41cb-ac7c-75e18be7873f,2026-05-11 20:22:33,erlang,binary-trees,11427,123164713,1032192,0,6215,487,5252419,0,0,0,0,4331303
bd769ca8-c6fc-4867-a422-65e24eb6c3a5,2026-05-11 20:19:43,erlang,mandelbrot,151850,1636703637,1032192,0,62207,1321,14235013,0,0,0,0,43354056
57cc2ebe-c715-483c-984c-490e99544d53,2026-05-11 20:16:07,erlang,fasta,52819,569310265,1032192,0,28245,579,6243767,11,121211,0,820,19684835
27f84b47-2ff6-4e57-8e0c-c910b27b30e4,2026-05-11 20:12:49,erlang,spectral-norm,31715,341836373,1060864,0,13807,273,2937326,0,0,0,0,9622641
1fabf78e-a24d-4e1d-8933-d0ff4f461e72,2026-05-11 20:06:50,erlang,n-body,153543,1654956372,1163264,0,117056,2162,23303164,48,514999,0,3484,81579400
8cb7b8dc-2255-4358-b5f7-6e58d1d7b708,2026-05-11 19:59:53,erlang,fannkuch-redux,167069,1800743775,1130496,0,68287,1273,13722709,27,294158,0,1990,47590920
45f7f640-9091-4c74-8f51-d62985d3041e,2026-05-11 19:56:23,erlang,binary-trees,11178,120479104,1032192,0,6310,484,5219278,0,0,0,0,4397417
02082d94-8122-4829-95ad-7fa00f63ed16,2026-05-11 19:53:36,erlang,mandelbrot,151889,1637127646,1032192,0,61929,1316,14183266,4,39911,0,270,43160316
c1767f62-a606-4424-a3a1-ec4a95f61a34,2026-05-11 19:50:03,erlang,fasta,53081,572128508,1032192,0,28514,585,6300405,1,10347,0,70,19872081
9484e037-b83d-4422-9304-40962941c7a6,2026-05-11 19:46:43,erlang,spectral-norm,31549,340044084,1060864,0,13717,271,2920296,0,0,0,0,9559523
3025da3f-71aa-4a42-927e-d7d18a218127,2026-05-11 19:40:44,erlang,n-body,150880,1626248560,1163264,0,115882,2144,23109201,43,460750,0,3117,80761482
e9fa0770-d265-4c2a-b712-39ef0ee837a4,2026-05-11 19:33:46,erlang,fannkuch-redux,166126,1790581177,1130496,0,68072,1269,13680104,0,0,0,0,47441474
b14ef2b6-eba3-4743-8f9b-bbcce8fd8349,2026-05-11 19:30:10,erlang,binary-trees,11134,120006141,1032192,0,6279,484,5211462,0,0,0,0,4375792
3816a87b-25fb-40a1-ac20-a3677d062972,2026-05-11 19:27:16,erlang,mandelbrot,152992,1649015956,1032192,0,62280,1316,14187294,0,0,0,0,43404946
886418c1-83f5-40fa-8256-51cf514ac127,2026-05-11 19:23:45,erlang,fasta,53889,580837486,1032192,0,28603,587,6331899,0,0,0,0,19934386
dd9936dc-83ce-43bd-813c-b8fc169a42c0,2026-05-11 19:20:26,erlang,spectral-norm,31924,344087412,1060864,0,13831,276,2970467,0,0,0,0,9638993
b3039231-4e77-442f-93f5-25aeb6a75dae,2026-05-11 19:14:20,erlang,n-body,153039,1649526927,1163264,0,117079,2165,23337948,5,54841,0,371,81595517
60b10509-f69d-42c5-a4d2-de19e1f95ddf,2026-05-11 19:07:27,erlang,fannkuch-redux,168115,1812013678,1130496,0,68690,1281,13810425,0,0,0,0,47872063
9bae531f-c2f7-4329-9597-d2ece9041bbd,2026-05-11 19:03:59,erlang,binary-trees,11409,122974098,1032192,0,6365,488,5257056,0,0,0,0,4435650
dbaaa618-37de-4c47-a554-f7ae6e3e24d1,2026-05-11 19:01:12,erlang,mandelbrot,152343,1642019369,1032192,0,62088,1321,14240625,47,502139,0,3397,43270711
603aff7c-573e-40d5-918f-165ae2a6a21c,2026-05-11 18:57:41,erlang,fasta,53065,571961385,1032192,0,28464,585,6307250,0,0,0,0,19837512
99192ef6-9b0f-4327-a442-e8b5e67a4ce2,2026-05-11 18:54:23,erlang,spectral-norm,31678,341438913,1060864,0,13841,277,2983892,0,0,0,0,9646443
1832eb14-51d7-4100-8ab8-c6733649fdf3,2026-05-11 18:48:25,erlang,n-body,153248,1651771080,1163264,0,116882,2162,23306633,39,419952,0,2841,81458524
cbfccc43-c9c1-47ab-ab6c-169fba3aaf65,2026-05-11 18:41:34,erlang,fannkuch-redux,168385,1814930053,1130496,0,69023,1286,13863758,42,447742,0,3029,48104262
4d3f0e51-41c5-4078-9f8a-455ab13a39c4,2026-05-11 18:38:05,erlang,binary-trees,11364,122487590,1032192,0,6242,489,5268226,0,0,0,0,4350396
160e632e-9bdb-4e5d-b0e9-44b1433aa831,2026-05-11 18:35:05,erlang,mandelbrot,152616,1644963229,1032192,0,62138,1319,14221360,4,39911,0,270,43305948
afa68eb7-0f5d-454d-9343-4aacfef2104a,2026-05-11 18:31:32,erlang,fasta,52816,569274929,1032192,0,28184,578,6231317,26,282776,0,1913,19642447
65ec4239-ff7b-4fdd-b9d3-2a252cbb81c5,2026-05-11 18:28:14,erlang,spectral-norm,31832,343104019,1060864,0,13746,272,2927496,0,0,0,0,9579650
71a0ee4c-084a-49da-b28e-72c22383ac0f,2026-05-11 18:22:17,erlang,n-body,152111,1639518927,1163264,0,116967,2162,23300064,30,327270,0,2214,81517334
792fc9d8-5a9d-4235-afef-c014688bf50d,2026-05-11 18:15:23,erlang,fannkuch-redux,167494,1805328073,1130496,0,68554,1278,13770935,4,39911,0,270,47777144
acf5fba7-4cd2-4ee0-8ecd-6881c0fc5232,2026-05-11 18:11:54,erlang,binary-trees,11446,123370157,1032192,0,6258,487,5244057,23,243900,0,1650,4361545
6f1b0377-802a-4a88-8d84-6c951b3e39d5,2026-05-11 18:08:57,erlang,mandelbrot,151517,1633117780,1032192,0,62099,1320,14226040,0,0,0,0,43278682
33860bac-1771-4d51-a4f3-c806d30744f7,2026-05-11 18:05:20,erlang,fasta,52592,566856585,1032192,0,28331,580,6255245,4,39911,0,270,19744431
b40bc779-5238-4827-8ffb-9abcc0419156,2026-05-11 18:02:02,erlang,spectral-norm,31617,340779064,1060864,0,13830,272,2936895,8,81300,0,550,9638219
a5788f1e-3211-4e2c-9e43-cf93b1fdfea6,2026-05-11 17:56:03,erlang,n-body,154077,1660714480,1163264,0,118403,2183,23531010,40,432221,0,2924,82518151
7e8b67fc-aff2-4c9f-94c5-5ed131de2aea,2026-05-11 17:49:12,erlang,fannkuch-redux,167325,1803499515,1130496,0,67933,1265,13638792,4,39911,0,270,47344111
085d4de8-4746-478b-997a-b3ae09b2435e,2026-05-11 17:45:44,erlang,binary-trees,11353,122369974,1032192,0,6215,483,5205113,0,0,0,0,4331417
787316b5-e773-4bcf-b3b5-93eb64299828,2026-05-11 17:42:57,erlang,mandelbrot,151271,1630462066,1032192,0,61840,1307,14082867,4,39911,0,270,43097921
a07c2b10-2c32-4fe2-a9a6-5dd931ab6f61,2026-05-11 17:39:26,erlang,fasta,53043,571721822,1032192,0,28490,590,6361692,4,39911,0,270,19855295
cbe6acf2-e442-4586-b02d-c621be12175e,2026-05-11 17:36:09,erlang,spectral-norm,31770,342431958,1060864,0,13843,277,2990793,0,0,0,0,9647685
f0a91fcd-f85a-48e3-8bec-699a81276368,2026-05-11 17:30:12,erlang,n-body,152269,1641227981,1163264,0,117402,2175,23447442,5,54841,0,371,81821059
6e450cd3-add5-43c0-a55f-043a0695d4e5,2026-05-11 17:23:22,erlang,fannkuch-redux,166386,1793383612,1130496,0,68561,1276,13752504,5,50258,0,340,47782362
f261cb5d-7765-46fb-8708-ba1250a9d4ac,2026-05-11 17:19:54,erlang,binary-trees,11121,119871741,1032192,0,6247,488,5259561,23,243900,0,1650,4354030
ec824eaa-5290-4589-b222-5f4880f38393,2026-05-11 17:16:53,erlang,mandelbrot,151180,1629484584,1032192,0,62000,1316,14180694,0,0,0,0,43209715
5062a79d-ff63-4c6f-a9c9-c0d5022c98dd,2026-05-11 17:13:23,erlang,fasta,52801,569108538,1032192,0,28270,582,6277210,4,39911,0,270,19702255
43334cd1-7f5e-4306-bdba-03bc36ba859b,2026-05-11 17:10:05,erlang,spectral-norm,31397,338411636,1060864,0,13708,272,2930610,0,0,0,0,9553271
73eb3f88-5061-485f-a54f-9f5a8efd57c8,2026-05-11 17:04:00,erlang,n-body,152290,1641447826,1163264,0,116994,2168,23364803,9,94752,0,641,81536234
77e6f2df-0eea-4dba-bee3-94e31d391a2d,2026-05-11 16:57:10,erlang,fannkuch-redux,168471,1815859989,1130496,0,68801,1284,13840385,1,10347,0,70,47949308
23ba1535-b10b-4fd0-9b96-a1c65ca22cc6,2026-05-11 16:53:41,erlang,binary-trees,11176,120458538,1032192,0,6269,485,5224223,0,0,0,0,4369121
6423626f-2f36-49dd-8be2-f2ff3ccfe020,2026-05-11 16:50:45,erlang,mandelbrot,153008,1649190570,1032192,0,62444,1332,14360683,0,0,0,0,43519107
477390ba-bc59-4deb-8060-11429131a899,2026-05-11 16:47:10,erlang,fasta,52816,569275296,1032192,0,28330,581,6262262,0,0,0,0,19744219
cb55a467-136e-43de-a596-7abd8b809629,2026-05-11 16:43:52,erlang,spectral-norm,31514,339671402,1060864,0,13703,271,2920480,26,283811,0,1920,9549859
78e6e1dc-077d-4432-90ce-f56d1535e9a8,2026-05-11 16:37:56,erlang,n-body,148829,1604141261,1163264,0,114394,2110,22738355,5,54841,0,371,79724122
c2ef38e4-5ab8-49fd-89e6-317a95a25b28,2026-05-11 16:31:08,erlang,fannkuch-redux,166203,1791409487,1130496,0,68082,1265,13634099,47,502139,0,3397,47448346
fdcfa7b7-59de-42bb-b6c8-211c17a4a0a5,2026-05-11 16:27:29,erlang,binary-trees,11370,122545512,4096,0,6237,484,5212258,0,0,0,0,4346745
c9b840e1-aef9-42f2-821c-68e7a3d618bd,2026-06-06 23:32:46,erlang,regex-redux,345208,3720804055,255307776,0,584481,69413,748162381,71,764073,0,5169,407341621
4e723f6f-b1e1-42b3-9daa-7eecc47dbe29,2026-06-06 23:23:10,erlang,k-nucleotide,210168,2265280196,255336448,0,113057,3435,37025947,14,145749,0,986,78792533
efa56fd4-b020-4082-8dbe-9700ac301c79,2026-06-06 22:06:51,erlang,regex-redux,342315,3689627521,255307776,0,577597,69128,745089898,44,475236,0,3215,402543388
9964cb4c-f36f-4788-831b-6e8b4142e8c4,2026-06-06 21:57:27,erlang,k-nucleotide,205736,2217515792,255336448,0,108587,3360,36215049,14,156096,0,1056,75677378
2b0473d7-b10a-4858-aef2-b73fe46a5690,2026-06-06 20:41:16,erlang,regex-redux,346371,3733342896,255307776,0,578256,68831,741891990,62,672425,0,4549,403002945
52ba4483-8900-4395-b624-2270efc35a00,2026-06-06 20:31:51,erlang,k-nucleotide,198131,2135544923,255336448,0,105902,3330,35896882,44,470949,0,3186,73805808
ddc59b8c-0f45-439c-bf02-68857360c87c,2026-06-06 19:15:30,erlang,regex-redux,348570,3757047186,255307776,0,593296,69371,747710249,105,1129184,0,7639,413484914
d271f610-332e-40d6-a24a-3bfbf01a2cf3,2026-06-06 19:05:55,erlang,k-nucleotide,204273,2201744051,255336448,0,111760,3441,37085894,44,470949,0,3186,77888384
cb45e759-d3a3-4688-989a-13a91f196b56,2026-06-06 17:49:54,erlang,regex-redux,344630,3714572435,255307776,0,584912,69392,747937172,107,1155348,0,7816,407641824
bc844666-98ae-4e55-91a9-7dab4d107393,2026-06-06 17:40:25,erlang,k-nucleotide,210255,2266219881,255336448,0,113508,3448,37159930,47,510860,0,3456,79106947
8fd41475-e0c6-4cab-ad4a-66f1f90e4201,2026-06-06 16:24:16,erlang,regex-redux,342582,3692497535,255307776,0,574395,68714,740628202,73,790236,0,5346,400312386
1e2aae6b-d776-49b5-9df4-17011e7eff2f,2026-06-06 16:14:47,erlang,k-nucleotide,206551,2226296057,255336448,0,112894,3470,37397748,56,607977,0,4113,78678992
472091c9-ac15-436a-b512-35794a283fe4,2026-06-06 14:58:33,erlang,regex-redux,342162,3687972680,255307776,0,577242,68849,742086751,70,753725,0,5099,402295871
b0eb0523-75e2-4629-a6a7-0a5fcf19385e,2026-06-06 14:49:10,erlang,k-nucleotide,208079,2242769000,255397888,0,113718,3496,37676354,14,145749,0,986,79253148
ae0bafb3-368b-4e01-b9b4-5b11dc17ef90,2026-06-06 13:32:44,erlang,regex-redux,350196,3774569538,255307776,0,585452,69362,747609528,70,753725,0,5099,408017798
88e82368-110f-41d1-aee9-516d1d59658c,2026-06-06 13:23:07,erlang,k-nucleotide,207175,2233025796,255336448,0,113134,3458,37270067,14,145749,0,986,78846616
a4b7607a-924e-44da-92b7-3ab573248de6,2026-06-06 12:06:13,erlang,regex-redux,346365,3733274946,255307776,0,584558,69261,746521147,94,1007973,0,6819,407394848
d5fb14a9-e22c-4c05-8510-dd0e993f8e23,2026-06-06 11:56:45,erlang,k-nucleotide,216932,2338192034,255336448,0,116473,3538,38130301,47,510860,0,3456,81173383
e2ec7ef3-1829-4166-b3d1-aefd1b5956e3,2026-06-06 10:40:25,erlang,regex-redux,341559,3681475112,255307776,0,577459,68703,740515165,73,790236,0,5346,402447744
15b22b34-9b10-41c5-b95a-cdb6385f64cd,2026-06-06 10:31:02,erlang,k-nucleotide,216385,2332294577,255336448,0,117619,3551,38273361,14,145749,0,986,81971982
6e651b0d-89ee-4283-9b22-286447a80511,2026-05-30 14:33:10,fsharp,mandelbrot,9658,104103440,0,0,4303,104,1115646,8,83961,0,568,2998715
d2d6318e-0c0b-4460-87ad-02bf3211ce28,2026-05-30 14:30:15,fsharp,fasta,3907,42115591,0,0,2218,128,1375724,15,162600,0,1100,1545843
09b16d70-033d-447e-8d8e-034308e986e6,2026-05-30 14:27:13,fsharp,spectral-norm,1977,21309322,0,0,1105,26,283504,0,0,0,0,770260
e0142daf-337e-4d84-b02c-0665b76cd94c,2026-05-30 14:21:34,fsharp,n-body,4427,47714037,0,102400,3945,80,867177,0,0,0,0,2749557
0bc25497-4fd2-4922-b2fd-73881507ed9d,2026-05-30 14:15:53,fsharp,fannkuch-redux,22151,238755580,0,0,9544,186,2000580,0,0,0,0,6651255
f91d055b-1982-48a6-9cee-0fb9dc0f9d10,2026-05-30 14:13:00,fsharp,binary-trees,16602,178942900,0,0,10157,1246,13427576,11,114559,0,775,7078760
5eac797f-b231-43b7-b1d4-10ce99ed07f3,2026-05-30 14:10:02,fsharp,mandelbrot,9758,105180588,0,0,4329,106,1140667,26,283811,0,1920,3016797
f4f806ce-9084-4075-be13-34f7b729182a,2026-05-30 14:06:59,fsharp,fasta,3864,41647452,0,0,2199,131,1408012,0,0,0,0,1532762
ea378ca3-90f4-4357-a782-492c431e275f,2026-05-30 14:03:55,fsharp,spectral-norm,1818,19595822,61440,0,1055,27,289059,0,0,0,0,735524
1eae0957-2ca5-4040-b597-4d61e3de55f8,2026-05-30 13:58:09,fsharp,n-body,4475,48232348,0,0,3937,78,845569,0,0,0,0,2743596
014ff4c8-27cb-4f4d-aa3c-558b368fc0c2,2026-05-30 13:52:28,fsharp,fannkuch-redux,22110,238307094,0,0,9508,183,1968663,0,0,0,0,6626336
ef061a55-a5d2-4cf8-abe1-4ab6197dcbfa,2026-05-30 13:49:34,fsharp,binary-trees,17504,188669890,0,0,10684,1306,14079917,0,0,0,0,7445751
b40f5feb-7664-4f40-9e67-4124414c7995,2026-05-30 13:46:37,fsharp,mandelbrot,9709,104650071,0,0,4333,103,1108748,0,0,0,0,3019666
6552cc0c-4ccb-4834-8ea0-1fe923bc5c92,2026-05-30 13:43:43,fsharp,fasta,3920,42250542,0,0,2265,129,1388787,0,0,0,0,1578207
6e060d05-b12a-4d7e-aaee-90e5cab33eab,2026-05-30 13:40:40,fsharp,spectral-norm,1781,19199032,0,0,1067,24,254758,0,0,0,0,743525
fe4361e9-7e21-4c85-8cb1-54080fab3a12,2026-05-30 13:35:03,fsharp,n-body,5104,55008285,0,0,4678,94,1017196,0,0,0,0,3260424
a33f45a0-6c6b-4f90-ba99-b8e14985d6e1,2026-05-30 13:29:23,fsharp,fannkuch-redux,22209,239377163,0,0,9509,186,1999606,0,0,0,0,6627300
42867d35-4e64-420b-bd59-b5c6ba058145,2026-05-30 13:26:29,fsharp,binary-trees,16544,178321617,0,0,10655,1282,13812889,0,0,0,0,7426072
61668ff0-a2ad-4693-94cf-4e7a504a8b95,2026-05-30 13:23:33,fsharp,mandelbrot,9886,106553575,0,0,4415,106,1144333,0,0,0,0,3077022
a87951e6-d3a5-47f7-8af6-6cfea64f1b03,2026-05-30 13:20:40,fsharp,fasta,3892,41953545,0,0,2195,130,1398491,0,0,0,0,1529785
6140ed16-e722-4708-91ce-824bcbc33f33,2026-05-30 13:17:38,fsharp,spectral-norm,2575,27758052,0,0,1308,30,326168,0,0,0,0,911627
1707bfbd-617a-45e5-8cbe-8bc5c64325a4,2026-05-30 13:11:53,fsharp,n-body,4667,50305407,0,0,4082,83,898545,0,0,0,0,2844655
0734de1f-91fa-45bd-a54d-1b4ff38631e9,2026-05-30 13:05:59,fsharp,fannkuch-redux,22165,238909329,0,0,9491,183,1967440,34,365111,0,2470,6614695
eb0b80a9-85f3-4f23-a1da-39348290a3f8,2026-05-30 13:03:06,fsharp,binary-trees,16882,181960232,0,0,10578,1253,13509177,12,128158,0,867,7372332
2e90af90-f2a4-4a70-9cd5-89bf4bf804a3,2026-05-30 13:00:01,fsharp,mandelbrot,9644,103952561,0,0,4272,104,1124799,23,243900,0,1650,2977617
b56502e6-e696-42df-a578-5141b1d4d74d,2026-05-30 12:57:07,fsharp,fasta,3983,42932060,0,0,2257,130,1405082,0,0,0,0,1573062
2df0a685-36ce-49c8-87ee-46175dfcdfe5,2026-05-30 12:54:04,fsharp,spectral-norm,1786,19253231,0,0,1034,24,255122,0,0,0,0,720636
a7072dbf-dba2-447e-891c-7b2709b015a3,2026-05-30 12:48:26,fsharp,n-body,4467,48146775,0,0,3925,80,861315,0,0,0,0,2735382
eb5334a7-26be-4580-a262-74dd6a3be2c5,2026-05-30 12:42:45,fsharp,fannkuch-redux,22196,239243370,0,77824,9557,185,1996555,0,0,0,0,6660888
1c7536f7-dcb7-482e-9541-44cbc5b88ad3,2026-05-30 12:39:51,fsharp,binary-trees,17713,190917380,0,0,10820,1325,14277183,0,0,0,0,7540429
a3a435aa-28ee-4949-b859-86ebf5ba352f,2026-05-30 12:36:54,fsharp,mandelbrot,9280,100021284,0,0,4151,101,1086716,0,0,0,0,2893235
7cac6451-1c0f-4ccd-8d7a-2f1b58f13830,2026-05-30 12:34:00,fsharp,fasta,3910,42140861,0,0,2230,125,1343865,0,0,0,0,1554244
c05f847f-269b-4430-85ea-5f9b15b0176c,2026-05-30 12:30:58,fsharp,spectral-norm,1984,21380917,0,0,1095,26,285092,0,0,0,0,763412
7341e334-fe16-4c1c-9816-4eb7bee18a08,2026-05-30 12:25:05,fsharp,n-body,4442,47880907,0,0,4009,81,868945,0,0,0,0,2794121
79c2b720-bbc9-4c5c-94ff-480a86fc590a,2026-05-30 12:19:25,fsharp,fannkuch-redux,22236,239668852,0,0,9536,185,1994600,0,0,0,0,6646064
30d4b3d0-49eb-4d7e-9730-5ee2b5de21bd,2026-05-30 12:16:32,fsharp,binary-trees,17275,186194970,0,0,10753,1297,13976281,0,0,0,0,7494274
f4378147-430d-4790-ab66-9338c448b151,2026-05-30 12:13:37,fsharp,mandelbrot,9949,107231799,0,0,4483,109,1173626,0,0,0,0,3124134
1f79da98-ede7-4ab1-9c98-99c5e3a61b9b,2026-05-30 12:10:43,fsharp,fasta,3964,42728569,0,0,2265,129,1395377,0,0,0,0,1578545
41f0952b-946e-4d3e-9614-9eed40fa1074,2026-05-30 12:07:42,fsharp,spectral-norm,1955,21069394,0,0,1084,23,242733,0,0,0,0,755734
af5cfc92-c57b-4b01-af40-f41f6020d36d,2026-05-30 12:01:51,fsharp,n-body,4674,50374986,0,0,4112,83,895619,0,0,0,0,2865879
d8d08e49-13a6-4766-ad0c-a618144bd059,2026-05-30 11:55:51,fsharp,fannkuch-redux,22228,239580223,0,0,9556,185,1993681,0,0,0,0,6659599
59201317-3b7d-47f1-8848-d89a8e266dd4,2026-05-30 11:52:55,fsharp,binary-trees,16874,181875876,0,0,10555,1278,13775297,7,80709,0,546,7355729
b8bcbf5c-4b1c-49ea-a760-20ece390aba5,2026-05-30 11:50:00,fsharp,mandelbrot,10056,108389569,0,0,4489,110,1188643,26,283811,0,1920,3128535
ff38ad05-e2bc-4510-95ef-31c9699c39f2,2026-05-30 11:47:05,fsharp,fasta,3950,42578057,0,0,2181,126,1359306,0,0,0,0,1520187
cbe3f4c0-8845-4676-8290-eced08d5e3dd,2026-05-30 11:44:02,fsharp,spectral-norm,1833,19753048,0,0,1066,27,290157,0,0,0,0,742605
2d90377b-4fde-4a66-90a8-c849a8c30bc1,2026-05-30 11:38:25,fsharp,n-body,4591,49481551,0,0,4030,83,898427,0,0,0,0,2808806
06dbfa9a-4bef-4396-ab4f-a8f6b3cb4065,2026-05-30 11:32:47,fsharp,fannkuch-redux,22214,239430691,0,0,9577,186,2002167,0,0,0,0,6674289
97ddaa36-ee13-44c5-83c6-7f1a360fc8b5,2026-05-30 11:29:53,fsharp,binary-trees,17133,184670678,0,0,10734,1319,14220116,11,121211,0,820,7480551
71fcefb4-e99f-4c67-b63f-3382adb1dfbf,2026-05-30 11:26:57,fsharp,mandelbrot,10028,108086960,0,0,4463,105,1131026,0,0,0,0,3110646
78ada193-93d6-443b-b81e-89c906291260,2026-05-30 11:24:03,fsharp,fasta,3886,41890189,0,0,2233,127,1371208,0,0,0,0,1556160
25cf1822-6586-4ba8-9c8a-e4108a7b15f2,2026-05-30 11:21:01,fsharp,spectral-norm,1969,21223141,0,0,1083,26,285030,0,0,0,0,754490
6bc5602d-cf9a-4476-ba26-e6f8c46e1a3c,2026-05-30 11:15:24,fsharp,n-body,4622,49816576,0,0,4105,83,897327,0,0,0,0,2860761
342e49c5-188a-46ca-a31a-3c737d111316,2026-05-30 11:09:47,fsharp,fannkuch-redux,22277,240114715,0,0,9526,184,1983796,0,0,0,0,6639226
1f034eac-1464-4b7f-a3e7-0f1c49d98f1c,2026-05-30 11:06:56,fsharp,binary-trees,17303,186503133,0,102400,10857,1313,14157374,4,39911,0,270,7566635
da6d79c3-4ac9-461d-96dd-ecc80115f8d7,2026-05-30 11:04:01,fsharp,mandelbrot,9920,106918503,0,0,4444,107,1155440,23,243900,0,1650,3097301
305e2022-6db3-4631-9200-732c81bb8aaf,2026-05-30 11:01:07,fsharp,fasta,3934,42405875,0,0,2213,130,1398185,0,0,0,0,1542104
91c5dca5-05ab-452d-be48-b403b130f017,2026-05-30 10:58:06,fsharp,spectral-norm,1813,19539425,0,0,1051,27,288204,0,0,0,0,732549
2a3c84bb-866a-4a6f-8891-b769242dd9bc,2026-05-30 10:52:31,fsharp,n-body,4486,48346913,0,0,3968,80,861499,0,0,0,0,2765246
82f57fe5-8270-4714-91f7-8202551b6518,2026-05-30 10:46:55,fsharp,fannkuch-redux,22207,239362151,0,102400,9582,185,1994111,4,39911,0,270,6678293
9989f98c-8a65-492f-b4d7-c0ce5a2a4e64,2026-05-30 10:44:02,fsharp,binary-trees,17280,186247887,0,0,10514,1285,13846335,23,243900,0,1650,7327617
980b7ae2-bddf-4ba8-8046-2626bb63ee2c,2026-06-06 23:38:40,fsharp,regex-redux,20104,216687159,254214144,86016,11700,525,5660238,0,0,0,0,8154282
ae974a0d-b127-41f8-8872-fc78fa1d750a,2026-06-06 23:35:45,fsharp,k-nucleotide,8272,89163558,254173184,0,4612,152,1642867,0,0,0,0,3214192
54ca2ed4-1875-4faa-a0e4-ee09dda0163e,2026-06-06 22:12:37,fsharp,regex-redux,20235,218103227,254173184,0,11519,517,5575825,0,0,0,0,8027614
9402faf6-6a82-48de-aa7c-ddcdb13971f4,2026-06-06 22:09:41,fsharp,k-nucleotide,8556,92219769,254173184,0,4930,151,1630841,0,0,0,0,3435893
b0ca5e9b-3e1c-486d-8b5f-a24a5c294a04,2026-06-06 20:47:01,fsharp,regex-redux,20085,216487079,254173184,0,11638,521,5610373,0,0,0,0,8110674
dbcc41d8-cd5c-43ad-83f6-bba469e0bf7b,2026-06-06 20:44:07,fsharp,k-nucleotide,8812,94981429,254173184,53248,4750,154,1664290,0,0,0,0,3310748
512ff406-16bb-4bc3-ae27-9e4323efd75d,2026-06-06 19:21:20,fsharp,regex-redux,19855,214007956,254197760,0,11511,518,5584498,0,0,0,0,8022172
9a482d53-b2eb-46b3-b999-a987498993f5,2026-06-06 19:18:19,fsharp,k-nucleotide,8504,91655319,254173184,0,4577,145,1559372,0,0,0,0,3189582
b598e06d-663f-48b9-9956-84f777e5ad06,2026-06-06 17:55:38,fsharp,regex-redux,20031,215906333,254173184,0,11588,514,5536764,0,0,0,0,8076088
8f19e9c1-2079-4d50-8cb0-1129221c3e1d,2026-06-06 17:52:43,fsharp,k-nucleotide,8543,92075302,254173184,0,4679,149,1601303,0,0,0,0,3261206
1a44b892-b23e-46bc-a7d7-33bfcb3fca55,2026-06-06 16:30:09,fsharp,regex-redux,20045,216053000,254214144,0,11447,511,5510887,0,0,0,0,7977484
ee5b332c-cf6d-4ddc-8c1a-3b0b278e4646,2026-06-06 16:27:15,fsharp,k-nucleotide,8428,90836042,254173184,0,4527,146,1574811,0,0,0,0,3154908
df029134-98bd-43c1-87a8-391d1db76430,2026-06-06 15:04:24,fsharp,regex-redux,20128,216947039,254197760,0,11554,519,5593281,1,13599,0,92,8052270
1c0db516-7362-44f7-8a9c-0546e6270770,2026-06-06 15:01:30,fsharp,k-nucleotide,8250,88920701,254173184,0,4645,154,1664597,8,81300,0,550,3237356
2ecad92b-5b1b-4ba5-8a71-9bfe88423fa7,2026-06-06 13:38:28,fsharp,regex-redux,20082,216455405,254238720,0,11542,516,5559833,4,39911,0,270,8043645
e5092adf-9f9b-47d1-8b4e-61348826a353,2026-06-06 13:35:34,fsharp,k-nucleotide,8349,89991928,254173184,0,4498,145,1560650,0,0,0,0,3134996
69d20bdc-a14a-4b0d-9fc9-47653558f63b,2026-06-06 12:11:59,fsharp,regex-redux,19472,209877956,254197760,0,10839,497,5357263,0,0,0,0,7554247
7c7d26ef-8272-4b43-a444-d1ffff928415,2026-06-06 12:09:03,fsharp,k-nucleotide,8656,93302717,254173184,0,4717,155,1670821,0,0,0,0,3287617
fd75c2ad-0cfd-43be-8069-32abc8e50937,2026-06-06 10:46:06,fsharp,regex-redux,20183,217536156,254238720,0,11904,524,5653217,0,0,0,0,8296576
936c03fe-482a-464c-9624-c81c43dc8527,2026-06-06 10:43:13,fsharp,k-nucleotide,8553,92183394,254173184,0,4788,152,1638897,0,0,0,0,3336825
00f9bc12-b768-46ed-8055-e33dd4eb0d62,2026-06-01 17:33:57,go,mandelbrot,9020,97216662,0,0,3995,97,1044297,0,0,0,0,2784452
70b8729b-8c42-447b-a39e-1c5a2a2a74f9,2026-06-01 17:31:03,go,fasta,4233,45625359,0,0,2285,139,1499442,0,0,0,0,1592606
3824d255-ff66-4d66-9fcb-e979f65e910d,2026-06-01 17:27:58,go,spectral-norm,1677,18075862,0,0,979,23,245297,0,0,0,0,682214
0b5bb948-296d-4351-9ded-1683c2b2e8e9,2026-06-01 17:22:14,go,n-body,5295,57068280,0,0,5736,110,1186145,0,0,0,0,3997774
851ce08f-8e04-4f84-b842-dfddd85356d9,2026-06-01 17:16:41,go,fannkuch-redux,22273,240065085,0,28672,12188,234,2524082,0,0,0,0,8494308
d5fa3730-cfc2-4b2c-aed0-511ab017190c,2026-06-01 17:13:49,go,binary-trees,33819,364516007,0,0,13480,841,9066909,0,0,0,0,9394928
24d67107-bec9-4cc4-a3bc-433a1c9d0490,2026-06-01 17:10:53,go,mandelbrot,9046,97497790,0,32768,3985,96,1039233,0,0,0,0,2776986
dd91f475-6bf6-4e96-9dea-9fa3adc0c6f9,2026-06-01 17:07:52,go,fasta,4257,45888177,0,0,2326,142,1532585,0,0,0,0,1620764
80a5aa84-d4f6-40d0-b432-7f9875277a78,2026-06-01 17:04:49,go,spectral-norm,1683,18140011,0,0,941,22,242307,0,0,0,0,655549
bd61e43a-e6fc-4a15-9f75-79126fb30a05,2026-06-01 16:59:10,go,n-body,5387,58063516,0,0,5768,115,1237229,0,0,0,0,4019568
dd7f7218-0268-4aa1-8d31-f5b4d0574a8c,2026-06-01 16:53:30,go,fannkuch-redux,22748,245184225,0,24576,10043,191,2058755,0,0,0,0,6998909
f18ffbd5-593c-46c4-bd3f-3ad036d0fbcd,2026-06-01 16:50:32,go,binary-trees,33641,362598526,0,0,13443,844,9099253,0,0,0,0,9368922
889c7c4c-9922-4037-b314-52b620caeaed,2026-06-01 16:47:29,go,mandelbrot,8993,96931749,0,0,3997,96,1038865,0,0,0,0,2785932
5a5e6a88-2ff3-48a9-800f-111a82648f11,2026-06-01 16:44:36,go,fasta,4267,45992057,0,0,2299,142,1527458,0,0,0,0,1602367
7a0281a4-7203-4994-a5c2-39446e2072be,2026-06-01 16:41:26,go,spectral-norm,1690,18214107,0,0,969,22,241391,0,0,0,0,675019
43079dc3-22a0-4e68-9816-6f004df6411b,2026-06-01 16:35:48,go,n-body,5349,57656169,0,0,5777,110,1184986,0,0,0,0,4026004
564cd5ec-245e-44ce-bc3f-10c0db7288e0,2026-06-01 16:30:00,go,fannkuch-redux,22656,244193325,0,0,10668,204,2196391,26,283811,0,1920,7434969
cb81f2df-7367-4c7d-9729-305483ef6a37,2026-06-01 16:27:10,go,binary-trees,33821,364533526,0,0,13531,845,9104749,0,0,0,0,9430104
f3dac5c7-9535-4cc7-8259-1032c5e4c182,2026-06-01 16:24:15,go,mandelbrot,9030,97331408,0,0,3978,96,1035935,0,0,0,0,2772711
480ae22d-94ad-4111-b3f3-36a32f3e6131,2026-06-01 16:21:14,go,fasta,4266,45975822,0,0,2320,139,1497428,0,0,0,0,1616691
3edfc1af-4aa4-4ee6-83f2-a657b57bbcaf,2026-06-01 16:18:11,go,spectral-norm,1694,18263119,0,0,955,23,248592,0,0,0,0,665332
e22271eb-b5a8-4425-9b5f-8dd82110e89b,2026-06-01 16:12:30,go,n-body,5360,57767926,0,0,5740,112,1202869,0,0,0,0,4000389
be540c81-72f8-4955-bfcd-ead59c96798a,2026-06-01 16:06:57,go,fannkuch-redux,22832,246095057,0,0,10212,197,2120889,0,0,0,0,7116993
3b08a663-490d-4ddd-b797-eaf715f218ed,2026-06-01 16:04:06,go,binary-trees,33696,363192462,0,0,13476,845,9109024,34,365111,0,2470,9391769
7b8b9269-8125-4be5-aff7-d18d8b2907ee,2026-06-01 16:01:12,go,mandelbrot,8968,96662520,0,0,4019,97,1042893,0,0,0,0,2801018
2eafc7a8-7059-499b-b28d-8300e9c4c77d,2026-06-01 15:58:18,go,fasta,4291,46250236,0,0,2358,144,1549610,15,162600,0,1100,1643499
191caf58-27fc-4a3e-b2da-fae0b5654c61,2026-06-01 15:55:15,go,spectral-norm,1684,18151303,0,0,982,22,236508,0,0,0,0,684371
693ce0d5-705a-4a5b-bc91-830ace8ccf6b,2026-06-01 15:49:37,go,n-body,5356,57726851,0,40960,5716,111,1199877,0,0,0,0,3983672
dc1e3a94-017a-44de-bf0b-0c6ca6d62b97,2026-06-01 15:44:06,go,fannkuch-redux,22808,245837549,0,0,10069,194,2092574,23,243900,0,1650,7017270
485bfceb-83f5-49df-b705-44e3111fa62f,2026-06-01 15:41:08,go,binary-trees,33771,364001906,0,0,13473,846,9119520,0,0,0,0,9389627
51e59666-b121-4a34-9743-cc8a8d6a81b3,2026-06-01 15:38:14,go,mandelbrot,9019,97213917,0,0,4028,98,1053636,0,0,0,0,2806979
ba3b5075-9cf2-48cc-8bd3-95cd41adb519,2026-06-01 15:35:21,go,fasta,4290,46235342,0,0,2323,138,1486992,0,0,0,0,1618984
bb0ab7b4-ee18-4d42-8657-2779b2f1f95d,2026-06-01 15:32:17,go,spectral-norm,1670,18003781,0,0,934,19,209409,0,0,0,0,651200
949ac501-a0f6-4772-bff9-0ecc4c305c90,2026-06-01 15:26:38,go,n-body,5341,57562297,0,0,5711,111,1198718,0,0,0,0,3979971
befa37e8-e7ce-4cdd-a00f-8dddaeb34724,2026-06-01 15:21:07,go,fannkuch-redux,22785,245582244,0,0,10020,194,2089579,0,0,0,0,6983016
d27e0096-4b1f-4b8b-b533-87e02009287f,2026-06-01 15:18:17,go,binary-trees,33700,363238113,0,0,13438,847,9124835,0,0,0,0,9365336
1d5a89d4-eac4-48ce-970b-b055b66b5890,2026-06-01 15:15:23,go,mandelbrot,9007,97082932,0,0,3972,96,1036790,0,0,0,0,2768519
8fcffa2c-fb40-456b-86b3-f8e2d5783b1e,2026-06-01 15:12:30,go,fasta,4253,45843865,0,0,2294,138,1485892,0,0,0,0,1598851
02f85c17-54ae-45a4-9bd1-26655082980f,2026-06-01 15:09:26,go,spectral-norm,1668,17978391,0,0,953,20,210447,0,0,0,0,664386
fdb9689b-10fd-43c3-85a8-0de250001f17,2026-06-01 15:03:43,go,n-body,5375,57933881,0,0,5754,111,1197253,0,0,0,0,4010079
70c66153-a856-412e-8a8b-84af2bd17f86,2026-06-01 14:58:11,go,fannkuch-redux,22771,245439905,0,0,10067,191,2062967,0,0,0,0,7015816
89b213a2-4842-4372-a378-a218f6ee6ad7,2026-06-01 14:55:09,go,binary-trees,34003,366494462,0,0,13602,848,9139478,4,39911,0,270,9479897
22d9261d-cd33-4c73-9976-4ff57332ac63,2026-06-01 14:52:05,go,mandelbrot,8995,96950488,0,0,3967,95,1027513,15,162600,0,1100,2764633
287ca0c1-239b-4fa0-8e64-8119e63e2dca,2026-06-01 14:49:12,go,fasta,4299,46331350,0,0,2327,138,1490045,0,0,0,0,1621875
66ec8b27-6d09-4e79-b098-593d050e7037,2026-06-01 14:46:09,go,spectral-norm,1685,18165280,0,0,983,22,232296,0,0,0,0,684986
53acaa41-3bcf-4650-9c8e-cbf66bcbecb4,2026-06-01 14:40:34,go,n-body,5354,57709573,0,0,5708,111,1191698,0,0,0,0,3978187
302e6ae4-fa7c-45db-8066-c62655026e90,2026-06-01 14:34:49,go,fannkuch-redux,22825,246021327,0,0,10056,195,2097327,0,0,0,0,7008368
de0f768e-8180-40bd-a7e3-6d763f3d5ea2,2026-06-01 14:31:50,go,binary-trees,33897,365351515,0,0,13541,852,9178050,0,0,0,0,9437257
068ad42d-9719-48e4-8b22-7b79389faa67,2026-06-01 14:28:49,go,mandelbrot,9009,97099414,0,0,4017,100,1076038,0,0,0,0,2799546
e208ec70-90b9-4e83-9e29-803ee62b7eb5,2026-06-01 14:25:53,go,fasta,4282,46154595,0,0,2326,139,1497916,0,0,0,0,1621389
86d24e24-4e5f-4c38-abdb-3f3fdf9866b5,2026-06-01 14:22:50,go,spectral-norm,1687,18185056,0,0,956,22,242428,0,0,0,0,666016
8909c4a4-3757-421a-8bca-8f027d91260e,2026-06-01 14:17:12,go,n-body,5373,57914222,0,0,5748,114,1233264,0,0,0,0,4005757
ffa36fda-6682-4af5-80ed-60fa6428c54d,2026-06-01 14:11:42,go,fannkuch-redux,22718,244868681,0,0,10179,195,2101727,0,0,0,0,7094359
05b8136f-7980-472c-8360-238bc6692441,2026-06-01 14:08:51,go,binary-trees,33824,364574353,0,0,13516,848,9142895,0,0,0,0,9419833
eb30b0f1-a542-4f8d-9f27-f46dbfdd1116,2026-06-01 14:05:57,go,mandelbrot,9036,97390243,0,0,4029,97,1046862,0,0,0,0,2808118
a9ecc246-562b-465f-9cac-b648f6964086,2026-06-01 14:03:03,go,fasta,4283,46167166,0,0,2371,139,1496635,0,0,0,0,1652245
3546b410-f063-4d9d-89d8-a0d94203095c,2026-06-01 14:00:01,go,spectral-norm,1683,18136350,0,0,939,23,248593,8,81300,0,550,654368
eba22885-31d9-468d-a14f-58907d90d9b8,2026-06-01 13:54:25,go,n-body,5281,56923810,0,0,5719,111,1198780,0,0,0,0,3985513
72847955-92fe-4a51-b036-2f643d61c6ea,2026-06-01 13:48:55,go,fannkuch-redux,22334,240728898,0,0,12163,234,2517004,0,0,0,0,8477077
1aa97397-05e1-46b6-b414-b5562b821393,2026-06-01 13:46:05,go,binary-trees,33855,364903090,0,32768,13517,849,9148817,34,365111,0,2470,9420396
8262e892-81d0-4222-b8ff-6b528848dece,2026-06-07 11:48:52,go,regex-redux,23947,258116573,254173184,118784,18682,539,5814692,0,0,0,0,13019996
9d28dac5-337b-495a-be75-84e10d3e8da3,2026-06-07 11:13:17,go,k-nucleotide,12759,137524971,254173184,118784,14657,1432,15432201,0,0,0,0,10215089
5aeb5e82-cfab-416c-a0a1-4c3413c4393b,2026-06-07 11:10:25,go,regex-redux,23806,256595455,254173184,40960,18639,541,5826041,0,0,0,0,12990350
550c9cae-13b2-4757-9882-402cf9ae067a,2026-06-07 11:07:16,go,k-nucleotide,12496,134689156,254173184,40960,14473,1419,15295357,0,0,0,0,10086885
4fd9f36d-d917-4429-bfdd-f40ab9acd363,2026-06-07 11:04:23,go,regex-redux,24024,258943232,254173184,49152,18898,544,5858821,0,0,0,0,13170664
8acece68-4127-4c7c-adb2-66fc0c32bbe3,2026-06-07 11:01:21,go,k-nucleotide,12501,134741645,254173184,98304,14429,1420,15304326,0,0,0,0,10056323
ce38c8b7-ea7c-41a2-aca9-0c5e76dfb699,2026-06-07 10:58:29,go,regex-redux,24313,262055176,254173184,77824,18799,550,5924733,4,39911,0,270,13101396
76a21794-9f6b-45b9-bf87-ba700004549e,2026-06-07 10:55:18,go,k-nucleotide,12509,134826006,254173184,0,14080,1385,14928354,0,0,0,0,9813062
2ed516e1-bec1-4c11-b530-2dcf0537aba8,2026-06-07 10:52:20,go,regex-redux,23750,255992059,254173184,0,18594,538,5794609,0,0,0,0,12958443
ee2f6e62-4069-42ae-9bec-6aebcd269c11,2026-06-07 10:49:10,go,k-nucleotide,12257,132113349,254173184,0,14282,1409,15188242,0,0,0,0,9953396
6ce29754-b38a-4311-b1c6-da1a9932ad2d,2026-06-07 10:46:12,go,regex-redux,23670,255122620,254173184,106496,18676,554,5966419,0,0,0,0,13015491
f7060c7c-4d89-4b97-8b15-a9a2022850a6,2026-06-07 10:43:07,go,k-nucleotide,12681,136679983,254173184,28672,19255,1505,16225042,0,0,0,0,13419067
a3ab9bcb-3c5d-45b6-b7ab-835a2c71f94d,2026-06-07 10:40:07,go,regex-redux,23986,258535767,254173184,126976,18887,548,5905020,0,0,0,0,13163117
ab6a3506-cc8e-4faa-ac02-67f50fbd7be8,2026-06-07 10:37:05,go,k-nucleotide,12325,132843764,254173184,28672,14075,1383,14907180,0,0,0,0,9809088
f083560c-3e73-4c13-9b7d-77cad1363609,2026-06-07 10:34:13,go,regex-redux,23724,255704591,254173184,94208,18497,539,5812191,0,0,0,0,12891223
41ff97a9-7c5d-4bc2-849d-f0460f0b2bb9,2026-06-07 10:31:09,go,k-nucleotide,12517,134909979,254173184,69632,14453,1415,15254587,0,0,0,0,10072771
65a5b158-a2b2-4f60-9c31-87bbd6b48608,2026-06-07 10:28:08,go,regex-redux,23458,252843992,254173184,32768,18280,535,5765189,0,0,0,0,12739817
b3521656-9a55-4e0e-a16d-53542c83b6f9,2026-06-07 10:24:56,go,k-nucleotide,12506,134797195,254173184,73728,14279,1403,15117874,0,0,0,0,9951765
02627464-0de3-4d35-a872-f4940ba0c466,2026-06-07 10:22:03,go,regex-redux,23645,254855096,254173184,32768,18601,551,5936148,0,0,0,0,12963612
5dea1426-2dcf-4c1d-896e-fbf2e5039afa,2026-06-07 10:18:59,go,k-nucleotide,12405,133709847,254173184,135168,14404,1414,15246102,0,0,0,0,10038845
c92dddae-728d-43fb-9149-ca085ffea599,2026-05-29 06:37:32,haskell,mandelbrot,5007,53964896,0,0,2629,132,1418569,0,0,0,0,1832217
1d302f7f-52ee-4786-8d89-23953a93b241,2026-05-29 06:34:22,haskell,fasta,3364,36260672,0,0,2098,119,1285699,0,0,0,0,1462233
38c264a8-63f8-488e-8afe-59bdde52c158,2026-05-29 06:27:13,haskell,spectral-norm,1737,18718808,0,0,1107,23,244076,0,0,0,0,771210
fdb420c5-13df-4dcf-8fc9-8ed222d15993,2026-05-29 06:18:38,haskell,n-body,5961,64252602,0,0,6075,117,1261277,0,0,0,0,4233925
af2aa1bf-ff52-41f4-8118-03f2e7ae4798,2026-05-29 06:09:13,haskell,fannkuch-redux,29665,319745930,0,0,12420,237,2554051,11,121211,0,820,8655583
5316d370-07ba-4dcc-bd03-bff19cefbe76,2026-05-29 06:05:47,haskell,binary-trees,3958,42658070,0,0,3164,355,3822864,10,105838,0,716,2205375
66e41771-3e30-47f2-9a12-a60c67d71f4c,2026-05-29 06:02:05,haskell,mandelbrot,4938,53222892,0,0,2514,133,1438467,0,0,0,0,1752143
26e1f55b-b695-4270-a37e-ab1cf380535d,2026-05-29 05:58:51,haskell,fasta,3346,36067987,0,0,2100,120,1290215,0,0,0,0,1463650
c8bee51e-0f46-4f0d-a5ba-22f5bc076166,2026-05-29 05:51:48,haskell,spectral-norm,1827,19696713,0,0,1262,28,299313,0,0,0,0,879677
217b43d1-4720-4a36-abc7-36b03d412178,2026-05-29 05:43:02,haskell,n-body,6068,65406168,0,0,6090,119,1282579,0,0,0,0,4244304
033ebb4e-6e17-4c73-b269-aa7aae46f242,2026-05-29 05:33:25,haskell,fannkuch-redux,29859,321833452,0,0,12408,237,2551917,0,0,0,0,8647695
3616c4b9-7458-4e7b-813d-03d6d3594632,2026-05-29 05:30:15,haskell,binary-trees,3763,40562613,0,0,2841,329,3542956,0,0,0,0,1980192
f9cdc84b-aeea-4734-a3b9-defc0f1c199f,2026-05-29 05:26:29,haskell,mandelbrot,5088,54839896,0,0,2730,135,1452872,0,0,0,0,1902671
8a5337c0-0646-464a-80a1-3efe0d4f6dcf,2026-05-29 05:23:20,haskell,fasta,3390,36541861,0,73728,2168,124,1335563,0,0,0,0,1510775
87163480-a6de-4409-b249-1b4d498765ac,2026-05-29 05:15:55,haskell,spectral-norm,1735,18703487,0,0,1051,25,266903,0,0,0,0,732411
639f6280-156d-4918-84ff-02e858fc9ace,2026-05-29 05:07:14,haskell,n-body,6075,65474892,0,0,6108,120,1289839,26,283811,0,1920,4256658
38b027cb-9b53-49c8-a252-3b3028c8060e,2026-05-29 04:57:46,haskell,fannkuch-redux,30405,327722602,0,0,16336,311,3350245,0,0,0,0,11384771
38e39b87-00ee-4560-8af2-7446c70295b7,2026-05-29 04:54:33,haskell,binary-trees,3537,38125296,0,0,2689,310,3340077,0,0,0,0,1873884
58dd1c7b-4445-4d2a-ace9-e8383b006227,2026-05-29 04:50:25,haskell,mandelbrot,5012,54025077,0,49152,2583,134,1447746,0,0,0,0,1799998
83ffdf27-ccdc-4465-8017-01ddba2baf13,2026-05-29 04:46:50,haskell,fasta,3371,36328849,0,0,2152,118,1270867,0,0,0,0,1500004
61d4e16f-c8f4-478d-9a1e-d8971d439008,2026-05-29 04:39:42,haskell,spectral-norm,1640,17678829,0,0,918,20,218076,0,0,0,0,639526
7c9845d0-d39d-4e59-a2db-791d41dc4654,2026-05-29 04:31:11,haskell,n-body,5990,64559305,0,0,6096,118,1274824,11,121211,0,820,4248276
8cd6d915-f8e4-4fe7-93f4-342f601dcaeb,2026-05-29 04:21:30,haskell,fannkuch-redux,29589,318923238,0,0,12398,237,2555942,0,0,0,0,8640522
e2c92789-d46c-469c-a183-1c464875fab0,2026-05-29 04:18:22,haskell,binary-trees,3830,41279470,0,0,2937,328,3536490,3,29859,0,202,2047026
ed95e5a6-5312-4bca-852f-940e2902f019,2026-05-29 04:14:42,haskell,mandelbrot,4857,52355341,0,0,2412,133,1428946,0,0,0,0,1680793
1a65fba6-b7d8-40e8-bfda-fc8db11f4b65,2026-05-29 04:11:33,haskell,fasta,3362,36233757,0,0,2138,117,1259638,0,0,0,0,1490365
db4df5e2-81ee-47bd-b10b-873c9d40d87a,2026-05-29 04:04:24,haskell,spectral-norm,1776,19140194,0,0,1206,25,267696,0,0,0,0,840417
591f1608-de1a-48a7-a356-4bb7f401eae1,2026-05-29 03:55:52,haskell,n-body,5980,64454507,0,0,6042,117,1257555,0,0,0,0,4211006
9ead789e-e07d-4d4c-a5fc-d3b35ecb5909,2026-05-29 03:46:15,haskell,fannkuch-redux,30464,328351071,0,0,15989,303,3269865,0,0,0,0,11142842
c639a3d3-9a13-42fe-bb40-012a5e6cbc36,2026-05-29 03:43:04,haskell,binary-trees,3692,39791251,0,0,2879,328,3539968,3,29859,0,202,2006323
5d2f4485-a006-498f-b239-5274544c92cb,2026-05-29 03:39:25,haskell,mandelbrot,4850,52279959,0,0,2425,132,1423210,0,0,0,0,1690168
78ffa53e-8ef3-4104-9b47-095546254971,2026-05-29 03:36:16,haskell,fasta,3368,36300772,0,0,2091,123,1325981,0,0,0,0,1456992
0e0ca7de-d843-4280-b489-d162f7535384,2026-05-29 03:29:07,haskell,spectral-norm,1632,17588254,0,0,890,22,236142,0,0,0,0,619988
f9acd46d-a07e-4336-a80d-73f19201de74,2026-05-29 03:20:26,haskell,n-body,5958,64216652,0,0,6021,116,1254626,0,0,0,0,4196234
ddcd31b8-9d58-4628-83b5-849ed5ef96af,2026-05-29 03:11:03,haskell,fannkuch-redux,30004,323399907,0,90112,15481,295,3184478,0,0,0,0,10789447
541cd6d1-23a8-4809-8c47-85eca42feb12,2026-05-29 03:07:53,haskell,binary-trees,3752,40443106,0,0,2902,332,3573539,0,0,0,0,2022644
58a0c51b-0c1c-46bc-8fae-808e2f6ebb2f,2026-05-29 03:04:14,haskell,mandelbrot,4842,52192986,0,0,2403,132,1423944,0,0,0,0,1675013
85761680-bcfc-441e-aa4f-e82fefaca655,2026-05-29 03:01:05,haskell,fasta,3363,36245049,0,0,2113,122,1310661,0,0,0,0,1472337
f8a4b5f7-1f2f-4936-a1bb-dec10fa78439,2026-05-29 02:53:57,haskell,spectral-norm,1690,18215146,0,0,1001,22,240841,0,0,0,0,697566
8418544f-19fa-4d39-9778-8f4d929bcdfc,2026-05-29 02:45:31,haskell,n-body,6013,64814189,0,0,6047,120,1290941,0,0,0,0,4214461
bd950bd7-ac32-46ea-b4d6-d03727d010f1,2026-05-29 02:35:51,haskell,fannkuch-redux,35607,383792668,0,0,16087,306,3293426,0,0,0,0,11211769
0afd384a-95bf-4d42-a99a-c41b259b506f,2026-05-29 02:32:26,haskell,binary-trees,3948,42552846,0,0,3092,350,3775137,0,0,0,0,2155161
4e819db5-d654-4768-9d79-b632b5bec540,2026-05-29 02:28:33,haskell,mandelbrot,4875,52548148,0,0,2444,131,1415579,0,0,0,0,1703572
11676777-0f73-4816-bdd1-08b2c2a8c869,2026-05-29 02:25:21,haskell,fasta,3318,35768059,0,0,2151,121,1303458,0,0,0,0,1498803
acb77a5a-cbec-446e-a953-6e94da6cda6e,2026-05-29 02:18:11,haskell,spectral-norm,1685,18163144,0,0,984,22,242001,0,0,0,0,686121
fcb39a6a-d4ed-4bc1-b14c-d9f2dfd73a2c,2026-05-29 02:09:41,haskell,n-body,6015,64829142,0,0,6051,116,1254749,0,0,0,0,4216915
e0f6cb33-df33-43d0-b261-03d78dd626c1,2026-05-29 02:00:12,haskell,fannkuch-redux,29782,321002709,0,0,12366,238,2560822,0,0,0,0,8618066
43753c05-d63c-4009-867b-0df4c929ffb9,2026-05-29 01:57:04,haskell,binary-trees,3655,39390430,0,0,2743,320,3452320,3,29859,0,202,1911364
16494995-67aa-4fac-a89e-bebc863a7d11,2026-05-29 01:53:23,haskell,mandelbrot,4960,53457755,0,0,2541,131,1408806,0,0,0,0,1771152
35f655c0-7422-4c1f-a3dd-306650638970,2026-05-29 01:50:16,haskell,fasta,3373,36353265,0,0,2154,121,1300530,0,0,0,0,1500977
efc8019b-e511-4570-9771-00ac4bad2d66,2026-05-29 01:43:08,haskell,spectral-norm,1653,17820919,0,0,913,23,244869,0,0,0,0,636443
bc150295-4329-47fe-9f67-766d8ad8a492,2026-05-29 01:34:23,haskell,n-body,5996,64625772,0,0,6081,120,1296067,0,0,0,0,4238017
de1d69fa-3280-4006-b361-6105a8339ee3,2026-05-29 01:24:41,haskell,fannkuch-redux,29827,321485784,0,0,15806,300,3237761,0,0,0,0,11015685
40bac1ee-d92a-4d9d-9aa6-b38eda1d0806,2026-05-29 01:21:28,haskell,binary-trees,3649,39329761,0,0,2736,312,3359305,3,29859,0,202,1907060
48c9bf39-84cc-49e2-8a31-d0e59c39d5d6,2026-05-29 01:17:49,haskell,mandelbrot,4847,52238394,0,0,2413,132,1426140,0,0,0,0,1681446
d10c9f88-1ebd-42a3-99c0-594e2fce0dfb,2026-05-29 01:14:39,haskell,fasta,3376,36382926,0,0,2126,122,1312125,0,0,0,0,1481527
b3bd3a36-ae81-4fb6-b311-b35778062503,2026-05-29 01:07:28,haskell,spectral-norm,1644,17724545,0,0,922,22,241269,0,0,0,0,642446
d7c2e7e3-32b5-497e-8500-ef7c09ff1ac5,2026-05-29 00:58:53,haskell,n-body,5998,64650920,0,0,6058,119,1279037,0,0,0,0,4221964
0623c41b-8fff-44a3-87e9-4620beb1c35d,2026-05-29 00:49:12,haskell,fannkuch-redux,29614,319195023,0,77824,12316,237,2551486,26,283811,0,1920,8583577
7992d06a-7e1a-46a2-adff-82f4b1f0070d,2026-05-29 00:46:04,haskell,binary-trees,3818,41157217,0,0,3098,357,3852282,6,65631,0,444,2159147
5d3f4684-5203-4b81-b3fa-bc9acb06d771,2026-06-06 23:50:59,haskell,regex-redux,10299,111003938,254443520,81920,7457,330,3553320,1,10347,0,70,5196696
346b7817-060b-47fa-b0fa-1fdaaf7f5741,2026-06-06 23:45:16,haskell,k-nucleotide,67322,725627891,254173184,106496,28766,2238,24117823,0,0,0,0,20048155
77d0d46a-bf81-44f6-b01a-941177abfc88,2026-06-06 22:25:08,haskell,regex-redux,10688,115196018,254443520,28672,7743,337,3632358,0,0,0,0,5396135
191449fe-4613-45de-84ff-4d1eeb73f49f,2026-06-06 22:19:38,haskell,k-nucleotide,67166,723942711,254173184,36864,29499,2257,24330403,18,189799,0,1284,20558613
0c67dd0a-6343-4ba0-ba46-a7d38c691e32,2026-06-06 20:59:20,haskell,regex-redux,10842,116855194,254443520,0,7671,331,3569982,0,0,0,0,5346390
dc018482-58bf-4c53-8da9-d305de0560ee,2026-06-06 20:53:44,haskell,k-nucleotide,67499,727538724,254173184,114688,28347,2246,24208824,0,0,0,0,19756013
b467fa23-8304-4d2a-bcfe-744d40a962ef,2026-06-06 19:33:57,haskell,regex-redux,10891,117383091,254443520,32768,7696,331,3569491,0,0,0,0,5363399
77cc286f-57ce-4c59-810b-70d25aef4b2b,2026-06-06 19:28:03,haskell,k-nucleotide,67491,727452417,254173184,57344,28441,2192,23629109,0,0,0,0,19821115
63f4a3ae-0df3-4957-a4d5-ff78df8702be,2026-06-06 18:07:59,haskell,regex-redux,10706,115397677,254443520,28672,8184,345,3713964,0,0,0,0,5703746
965fa34b-9979-4786-9988-38ac18fce6f4,2026-06-06 18:02:23,haskell,k-nucleotide,65645,707553355,254173184,0,29730,2239,24131793,0,0,0,0,20719387
7a1f20b3-b115-4c3a-a864-7c51bed9e098,2026-06-06 16:42:29,haskell,regex-redux,10621,114482880,254443520,77824,8232,344,3710664,4,39911,0,270,5737069
4bc43efb-5f48-4059-9224-5b721b2d4fa6,2026-06-06 16:36:49,haskell,k-nucleotide,67415,726627771,254173184,36864,28502,2147,23140829,1,10347,0,70,19863512
2b5cb501-9434-4d0d-a706-c9d9869c2085,2026-06-06 15:16:46,haskell,regex-redux,10940,117911106,254443520,28672,7755,341,3670322,0,0,0,0,5404351
0cae3519-b718-4c57-ba80-dada4805f9f3,2026-06-06 15:11:10,haskell,k-nucleotide,65420,705125082,254173184,122880,30012,2277,24543661,0,0,0,0,20916061
48aeb0d0-bd16-4bfb-87bd-aee33afd7775,2026-06-06 13:50:52,haskell,regex-redux,10756,115936194,254443520,65536,7546,328,3538732,0,0,0,0,5258899
f9162f9e-991d-4ec2-9234-2749ef0e1c20,2026-06-06 13:45:08,haskell,k-nucleotide,66159,713089678,254173184,77824,29320,2261,24369648,0,0,0,0,20433795
5dd206de-f805-44d7-a591-b4c6a2a464bc,2026-06-06 12:24:39,haskell,regex-redux,10319,111218722,254443520,0,7553,331,3565952,18,197042,0,1333,5263959
ddef4767-88a4-4c8a-aa69-4d79ce0eaa2c,2026-06-06 12:18:47,haskell,k-nucleotide,64927,699806779,254173184,196608,30053,2287,24654006,0,0,0,0,20944974
3225886f-c1fb-4aa3-9be1-ab5e0cdbdb92,2026-06-06 10:58:31,haskell,regex-redux,10804,116448641,254443520,86016,8484,350,3772067,0,0,0,0,5912725
12b1977a-5d6d-494e-a084-78021218a09d,2026-06-06 10:52:48,haskell,k-nucleotide,67202,724337305,254173184,49152,28141,2232,24058986,0,0,0,0,19611913
6f67f210-be43-4e7d-99e3-b9d5eaebff86,2026-06-01 03:34:24,java,mandelbrot,9955,107299910,0,0,4447,109,1174056,0,0,0,0,3099575
91ba6127-aa2c-4b9d-87a1-8deb592393d2,2026-06-01 03:30:55,java,fasta,4023,43360406,0,0,2240,104,1122306,0,0,0,0,1560834
63327a8d-be0f-4557-bd25-7a20ce76d1f9,2026-06-01 03:27:18,java,spectral-norm,2091,22532771,0,0,1296,30,318293,0,0,0,0,903422
51d107ba-4aaa-47b2-b492-b4f6192b707c,2026-06-01 03:19:42,java,n-body,6048,65187482,0,0,5556,108,1169178,0,0,0,0,3871904
f720328f-fce7-46c5-af5d-c90c83f32e28,2026-06-01 03:12:56,java,fannkuch-redux,33654,362735058,0,0,13389,255,2748449,5,54397,0,368,9331088
22fcb1fb-a8cb-4f66-8eb2-bb3411d36ec8,2026-06-01 03:09:29,java,binary-trees,10599,114238296,0,0,13646,1562,16839859,0,0,0,0,9510116
da21d6ef-7c01-4e9b-9bb3-f33fb209f420,2026-06-01 03:05:59,java,mandelbrot,9959,107345321,0,0,4396,105,1130355,0,0,0,0,3063475
e9cb3df5-bd2a-4a1f-a6e0-5e5eb3328770,2026-06-01 03:02:29,java,fasta,4060,43759026,0,0,2286,102,1101066,0,0,0,0,1593334
1ee3415e-78fe-4414-b890-7f940ec5b3c5,2026-06-01 02:58:50,java,spectral-norm,2080,22417965,0,0,1208,28,305721,0,0,0,0,841662
0b896661-8e1d-4426-b07c-03257bc79987,2026-06-01 02:50:52,java,n-body,6045,65154030,0,0,5541,109,1173022,0,0,0,0,3861540
1b9181f0-3771-4819-8dc0-d584a1e85acd,2026-06-01 02:44:07,java,fannkuch-redux,32971,355377760,0,0,13095,250,2697175,23,243900,0,1650,9126471
96b9c8ac-8499-4db4-9c87-de106268f806,2026-06-01 02:40:32,java,binary-trees,11116,119808540,0,0,14184,1615,17407420,0,0,0,0,9885510
624aa974-1174-4e4b-80ff-0186da35e25e,2026-06-01 02:37:03,java,mandelbrot,9962,107379807,0,0,4387,106,1137559,4,39911,0,270,3057503
ef9e2a9d-0ee3-489b-9ab1-072476ed80e4,2026-06-01 02:33:27,java,fasta,4053,43689017,0,0,2288,102,1099720,3,32520,0,220,1594452
80f6e5e0-23b0-49a4-8d31-943a650cd1ca,2026-06-01 02:29:49,java,spectral-norm,2050,22090878,0,0,1207,24,263911,0,0,0,0,841379
d132c488-44f3-44e7-8461-371811791dcc,2026-06-01 02:22:03,java,n-body,5969,64332929,0,0,5544,109,1171192,8,81300,0,550,3863911
8941b2c5-07f4-45d9-ba66-8c6611073421,2026-06-01 02:15:18,java,fannkuch-redux,33613,362294203,0,0,13371,256,2763032,0,0,0,0,9318702
9498c3ce-9314-42e2-bbc7-bd93d474c1c8,2026-06-01 02:11:51,java,binary-trees,10968,118221631,0,0,14144,1585,17086185,0,0,0,0,9857075
2878f85d-39a2-4f65-969f-9ef3dad2963f,2026-06-01 02:08:21,java,mandelbrot,9923,106951888,0,0,4391,104,1117418,0,0,0,0,3060209
7d78cb0f-1559-4c95-9e74-76abf0b57dbf,2026-06-01 02:04:45,java,fasta,4022,43350088,0,0,2291,101,1093011,0,0,0,0,1596556
1f1ff951-eb6b-4a08-a42c-6d2f8da20d80,2026-06-01 02:01:07,java,spectral-norm,2066,22269344,0,0,1221,26,279842,0,0,0,0,850981
545f79b2-7e81-4e13-9cc3-b70d494923c5,2026-06-01 01:53:25,java,n-body,6010,64779581,0,0,5529,108,1166921,0,0,0,0,3852997
ab6e146d-4379-4c32-8004-d2327bd3d378,2026-06-01 01:46:41,java,fannkuch-redux,33591,362054945,0,0,13309,255,2748755,0,0,0,0,9275211
723ecc22-ec31-4ae3-b715-575cf17c6739,2026-06-01 01:43:13,java,binary-trees,12568,135466375,0,0,15669,1690,18214301,17,181521,0,1228,10920380
db2a0b9c-3a38-466d-8f73-dd3a7bab018d,2026-06-01 01:39:43,java,mandelbrot,10026,108070052,0,0,4548,108,1166611,0,0,0,0,3169652
fb30a192-8ee1-4181-aaca-68be238701fc,2026-06-01 01:36:15,java,fasta,4053,43683708,0,0,2249,104,1119743,0,0,0,0,1567219
69dcc864-e475-4f93-b579-dedf8cfff7f1,2026-06-01 01:32:21,java,spectral-norm,2045,22044430,0,0,1151,25,272823,0,0,0,0,802449
fd973754-a2ae-47fb-8d43-e7f36da402bc,2026-06-01 01:24:44,java,n-body,6082,65555528,0,0,5530,108,1168079,0,0,0,0,3853751
83dcc0c5-c9bf-4301-a2ba-6b034a7412ef,2026-06-01 01:18:01,java,fannkuch-redux,32845,354017834,0,0,13053,247,2664891,10,108499,0,734,9096808
22594b98-84e0-4aab-8a3c-10422c60f70c,2026-06-01 01:14:08,java,binary-trees,11304,121836376,0,0,13927,1597,17217175,23,243900,0,1650,9706220
fe30e440-a1ed-49a3-96a5-88d601a172f2,2026-06-01 01:10:38,java,mandelbrot,9995,107727155,0,0,4403,105,1136033,0,0,0,0,3068408
8f57939c-26da-4462-be52-6e9e1399943a,2026-06-01 01:07:08,java,fasta,4039,43533561,0,0,2273,102,1102287,0,0,0,0,1583847
e847fc7c-91c1-4679-aafc-bb68c67ffe44,2026-06-01 01:03:31,java,spectral-norm,2045,22037716,0,0,1164,26,284358,0,0,0,0,811149
c76033f0-6556-4dfb-9052-37f6ddf7fd3f,2026-06-01 00:55:44,java,n-body,6081,65538553,0,0,5545,108,1168566,1,10347,0,70,3864774
953247c8-6aac-4457-bcd5-bf213a899e7a,2026-06-01 00:49:02,java,fannkuch-redux,32923,354862014,0,0,13096,250,2693452,4,39911,0,270,9127204
88722f4d-a7ac-4909-8062-485fe1b4c563,2026-06-01 00:45:35,java,binary-trees,11476,123693308,0,0,14516,1594,17186165,0,0,0,0,10116494
cf208c06-db94-4a83-bed7-f40b71bfa736,2026-06-01 00:42:05,java,mandelbrot,9963,107380477,0,0,4428,104,1123153,15,162600,0,1100,3086053
b095bf58-8c44-4b40-92c4-598696ac1d13,2026-06-01 00:38:37,java,fasta,4101,44197501,0,0,2306,104,1116021,0,0,0,0,1607105
a0fc7aee-7b04-495b-bf2d-39ecf9dcb06e,2026-06-01 00:35:00,java,spectral-norm,2127,22925534,0,0,1281,29,317624,0,0,0,0,892536
60847d30-c95c-4f17-b291-edb4b0d89cac,2026-06-01 00:27:20,java,n-body,6019,64871441,0,0,5537,109,1177479,0,0,0,0,3858562
2f97c39a-6221-4a4b-bce9-8ad675c09013,2026-06-01 00:20:36,java,fannkuch-redux,32829,353844368,0,0,13076,250,2693514,0,0,0,0,9112879
24d033ef-5bdb-45c4-a209-67d51e77a67c,2026-06-01 00:17:03,java,binary-trees,11027,118853648,0,0,14054,1558,16792858,4,39911,0,270,9794299
8f1c073e-1fd8-45b1-b90b-78d475920e0d,2026-06-01 00:13:34,java,mandelbrot,10023,108031112,0,0,4478,108,1165878,0,0,0,0,3120853
e33a9712-fb0b-45fa-9807-ee14e8063c86,2026-06-01 00:10:07,java,fasta,4056,43718130,0,0,2245,101,1087761,0,0,0,0,1564615
32f040c5-2d22-4138-8fb4-cdd8e6d16f6a,2026-06-01 00:06:30,java,spectral-norm,2065,22255123,0,0,1279,28,306453,0,0,0,0,891687
7656ceb7-8f75-4209-ac82-2b3329b2616c,2026-05-31 23:58:53,java,n-body,5979,64444438,0,0,5579,108,1163561,0,0,0,0,3888207
05e94b95-c423-4fb7-87fc-bcbde4f0f76e,2026-05-31 23:51:53,java,fannkuch-redux,32828,353839066,0,0,13089,249,2682227,1,10347,0,70,9122016
1e8396cb-db5e-45bf-9dca-c66742d607d5,2026-05-31 23:48:27,java,binary-trees,10368,111746109,0,0,13076,1525,16432939,0,0,0,0,9113247
3e7a2d4a-4b73-4973-be39-eed669473745,2026-05-31 23:44:58,java,mandelbrot,9954,107288496,0,0,4388,105,1136214,0,0,0,0,3058449
e4889f20-90e6-4c85-a01d-8a0fcddc1ca3,2026-05-31 23:41:28,java,fasta,4040,43545403,0,0,2278,104,1122122,0,0,0,0,1587641
ab3c9286-ac76-41fd-961b-45352b6fe059,2026-05-31 23:37:49,java,spectral-norm,2103,22661737,0,0,1288,29,313716,0,0,0,0,897574
a90b3de0-995c-470d-80b1-c2942da6da61,2026-05-31 23:30:12,java,n-body,6076,65489177,0,0,5631,111,1200304,0,0,0,0,3924369
803b52e9-5d9e-4c4d-bfe5-063ada6a1e17,2026-05-31 23:23:21,java,fannkuch-redux,33750,363773754,0,0,13384,256,2758274,15,157279,0,1064,9327523
2b74253a-0e1f-460d-9388-45bc2e1f30ed,2026-05-31 23:19:53,java,binary-trees,10304,111065259,0,0,13178,1506,16230420,0,0,0,0,9184015
b1a910ca-b1c2-4d77-b070-315a9a725bef,2026-05-31 23:16:26,java,mandelbrot,9973,107492173,0,0,4391,105,1134140,0,0,0,0,3060152
429770ca-5fff-4c7e-bdac-1937fc1b9059,2026-05-31 23:12:58,java,fasta,4084,44018667,0,0,2286,105,1127126,0,0,0,0,1593053
29cbd589-4821-488d-b8c2-8422844f2d39,2026-05-31 23:09:22,java,spectral-norm,2101,22650141,0,0,1306,29,313227,0,0,0,0,910353
a931a241-983a-4a3b-bc6e-d634853489e5,2026-05-31 23:01:45,java,n-body,6114,65895673,0,0,5609,108,1166309,0,0,0,0,3909151
4ae27471-3777-4c40-8bf2-6d4046f4d7ca,2026-05-31 22:54:59,java,fannkuch-redux,33188,357716932,0,0,13238,252,2720615,4,39911,0,270,9225678
497cb434-e5bc-45fd-b8fa-82b846ec1d12,2026-05-31 22:51:31,java,binary-trees,12459,134285407,0,0,15576,1681,18114205,1,10347,0,70,10855175
63d8e763-8c60-4923-a0ce-126adabad334,2026-06-06 23:58:58,java,regex-redux,19466,209817831,254222336,86016,11319,669,7210960,0,0,0,0,7888570
7db8f5b0-9be4-4023-b96c-40c09507b693,2026-06-06 23:54:26,java,k-nucleotide,13528,145808142,254173184,0,7205,272,2929298,7,80709,0,546,5021355
4c87a34a-95c1-4759-950b-fada02170baa,2026-06-06 22:33:27,java,regex-redux,20196,217684868,254222336,106496,20062,852,9180106,0,0,0,0,13981509
a051b20e-bc8a-4559-9037-7f9147e516ac,2026-06-06 22:28:38,java,k-nucleotide,13614,146733616,254173184,0,7272,275,2963415,0,0,0,0,5068350
11c8a6a1-48cd-495b-a47f-3fefa9515aae,2026-06-06 21:07:35,java,regex-redux,19243,207404259,254222336,28672,11296,686,7389910,0,0,0,0,7872528
afcc3379-c329-4458-8c28-033e02a99c96,2026-06-06 21:03:02,java,k-nucleotide,13111,141320103,254173184,0,7035,270,2909095,0,0,0,0,4902661
77ceb7c3-d7c9-4cd9-adf3-3a59a27c33aa,2026-06-06 19:42:13,java,regex-redux,19829,213724379,254222336,36864,11642,683,7364157,0,0,0,0,8113557
9ca04633-8cd2-4b74-99c8-10a9d7ce118e,2026-06-06 19:37:31,java,k-nucleotide,13756,148269263,254173184,0,7269,272,2933691,23,243900,0,1650,5065864
35ca03ca-6b82-4687-84a7-1d603ad66dd9,2026-06-06 18:16:06,java,regex-redux,19830,213733113,254222336,32768,11565,677,7301231,0,0,0,0,8059713
daf0ef44-9812-4760-b285-df1d069bcfae,2026-06-06 18:11:27,java,k-nucleotide,13027,140410620,254173184,0,6939,268,2883461,26,283811,0,1920,4835806
d6c45767-9d31-4748-b4a4-460547898eb7,2026-06-06 16:50:27,java,regex-redux,19451,209647663,254222336,0,11195,669,7213095,4,39911,0,270,7801842
4ec1c0a9-c627-4c13-92c2-24a483f94c70,2026-06-06 16:45:56,java,k-nucleotide,12935,139417702,254173184,0,6957,261,2816198,0,0,0,0,4848361
54d49911-7a9a-4f81-913e-687b63feea9d,2026-06-06 15:24:52,java,regex-redux,19405,209151812,254222336,102400,11455,680,7328450,15,157279,0,1064,7983453
c838fbc1-f7a0-4a24-a3ae-d3d410cbaadc,2026-06-06 15:20:12,java,k-nucleotide,13667,147311986,254173184,0,7248,274,2956764,0,0,0,0,5051161
bff33440-b748-4a6b-ac2d-42a7ed794a22,2026-06-06 13:59:03,java,regex-redux,19605,211313985,254222336,40960,11625,692,7453571,0,0,0,0,8101715
3ea6ecbb-b6bc-4d6c-9dc2-f04ee974c16d,2026-06-06 13:54:26,java,k-nucleotide,13580,146376076,254173184,0,7308,278,2993444,5,53510,0,362,5093482
dc6543e7-38db-4b37-ac24-78b599e472ba,2026-06-06 12:32:53,java,regex-redux,19744,212809406,254222336,65536,11622,686,7395528,0,0,0,0,8099914
bcd71979-bd3d-40d8-a6e6-45f0379c9256,2026-06-06 12:28:19,java,k-nucleotide,13543,145967202,254173184,0,7207,273,2943948,0,0,0,0,5022853
27b6f014-4f01-4ffc-a314-85e02f2206b3,2026-06-06 11:06:43,java,regex-redux,19526,210458399,254222336,73728,11174,670,7224627,0,0,0,0,7787381
55e45bba-2a29-4ee6-a802-f1fd6e50b411,2026-06-06 11:01:59,java,k-nucleotide,12914,139190163,254173184,0,6825,263,2838294,0,0,0,0,4756788
2460e318-c036-4bc3-86af-207f2b385fed,2026-05-12 04:28:05,lua,mandelbrot,241592,2603989766,335872,0,115284,2198,23687910,5,54841,0,371,80344349
65946e81-62db-466d-ac80-8b0db7a4b34c,2026-05-12 04:23:59,lua,fasta,59712,643606549,335872,0,42589,838,9033117,0,0,0,0,29681169
c3daa733-cb63-4aab-98ed-ff328c0e618c,2026-05-12 04:20:33,lua,spectral-norm,92105,992751420,335872,0,80991,1499,16155032,35,375458,0,2540,56444812
7c76ef27-711f-421e-ade4-3a720653c36b,2026-05-12 04:14:08,lua,n-body,181226,1953336251,335872,0,159163,2930,31582229,10,105099,0,711,110925499
9c9052f0-3d58-4e24-b921-d0ce643268ce,2026-05-12 04:06:39,lua,fannkuch-redux,521805,5624244034,335872,0,464391,8531,91952062,95,1027189,0,6949,323647452
9a7f4994-6a27-4075-9c33-352892bcb9a5,2026-05-12 03:58:36,lua,binary-trees,140364,1512902431,335872,0,61996,3820,41178803,8,81300,0,550,43207045
a71b4ea2-467d-4eec-b842-15e54215a71b,2026-05-12 03:55:13,lua,mandelbrot,241901,2607320770,335872,0,116210,2212,23843363,44,470210,0,3181,80990228
0c2c912f-a66f-4498-9f27-ff6af3a697e9,2026-05-12 03:51:04,lua,fasta,58856,634375465,335872,0,41337,815,8779891,5,54397,0,368,28808642
198387dd-ccfc-42ae-98cc-72f70002072c,2026-05-12 03:47:39,lua,spectral-norm,92032,991959487,335872,0,80972,1497,16130073,0,0,0,0,56431857
eb4bf5cc-46bf-4636-8114-3ec2cc65e200,2026-05-12 03:41:16,lua,n-body,189160,2038852641,335872,0,167287,3080,33199281,86,922090,0,6238,116586983
9321056c-f3d3-46f4-9e40-e33cd8e27c52,2026-05-12 03:33:46,lua,fannkuch-redux,523571,5643281217,335872,0,465145,8544,92090203,57,611820,0,4139,324172593
f4a7f333-7fee-4672-8880-74dfd5a9ad7e,2026-05-12 03:25:44,lua,binary-trees,139153,1499855375,335872,0,61333,3798,40939374,0,0,0,0,42744402
77361e24-9751-43d3-81cf-5b68fa4dfd00,2026-05-12 03:22:21,lua,mandelbrot,232449,2505434805,335872,0,104691,1998,21531200,39,419952,0,2841,72961806
837d7f9a-c658-45e8-accc-9a3a18b340e2,2026-05-12 03:18:23,lua,fasta,59832,644893464,335872,0,43095,844,9101909,34,365111,0,2470,30033797
bfbb15a4-61a9-40e5-8141-a6b796f399f5,2026-05-12 03:14:50,lua,spectral-norm,91651,987853469,335872,0,81068,1499,16153013,8,81300,0,550,56498531
6b7c243d-6a6a-4500-b1a7-9f7ea62bfc12,2026-05-12 03:08:11,lua,n-body,184475,1988351969,335872,0,161060,2963,31932097,9,94752,0,641,112247538
d9617033-227e-4fb6-a2d8-3ed0ec24b42f,2026-05-12 03:00:54,lua,fannkuch-redux,526160,5671184894,335872,0,467724,8597,92658616,70,754760,0,5106,325969808
62d192eb-98e5-40e7-b2c7-33f6e2f21c75,2026-05-12 02:52:50,lua,binary-trees,140771,1517294338,335872,0,62115,3819,41159534,0,0,0,0,43289356
05c18af6-e469-4f76-a794-2fdcfff62081,2026-05-12 02:49:28,lua,mandelbrot,229750,2476346501,335872,0,103739,1988,21423394,9,94752,0,641,72298801
124292e1-36c4-485a-b6c8-956fe9f7ec38,2026-05-12 02:45:31,lua,fasta,61641,664392238,335872,0,44301,867,9349945,5,50258,0,340,30874505
7baddb5f-047a-4c51-8310-60d6f5360509,2026-05-12 02:42:05,lua,spectral-norm,92214,993924280,335872,0,80979,1497,16135257,35,375458,0,2540,56436530
2400bc55-ba12-4d83-b197-07e08fe5eee6,2026-05-12 02:35:41,lua,n-body,190037,2048303313,335872,0,168077,3095,33355052,43,459863,0,3111,117137642
ee335de2-8013-413d-bb19-ef06e825bc95,2026-05-12 02:28:20,lua,fannkuch-redux,523277,5640110356,335872,0,464557,8535,91991009,35,373241,0,2525,323762733
48ef53c7-35c8-4136-8731-ae7922b8de9d,2026-05-12 02:20:18,lua,binary-trees,140636,1515840717,335872,0,63546,3865,41653542,34,365111,0,2470,44286770
cd5f035d-57fb-4b27-a9e6-7d9e51ac6911,2026-05-12 02:16:54,lua,mandelbrot,242361,2612271383,335872,0,117011,2226,23988806,40,430299,0,2911,81548525
c0a32763-1fb4-4c93-aedc-6df802829ed2,2026-05-12 02:12:48,lua,fasta,62487,673508136,335872,0,45877,899,9692712,0,0,0,0,31972968
6856c634-bf60-49ca-a960-703af5099c7e,2026-05-12 02:09:21,lua,spectral-norm,92669,998829180,335872,0,81038,1498,16146542,5,50258,0,340,56477979
5c3a0e20-18b1-46b2-8891-f41ebdb77758,2026-05-12 02:02:54,lua,n-body,180259,1942909526,335872,0,157586,2903,31294153,43,459863,0,3111,109826219
65dfd1f9-597b-418d-bfb0-91502f3a1ddd,2026-05-12 01:55:40,lua,fannkuch-redux,523940,5647258088,335872,0,464146,8524,91878908,65,698589,0,4726,323476600
5c5ec0f8-1e1d-44a1-834a-ea9d5c7860b7,2026-05-12 01:47:37,lua,binary-trees,140212,1511263089,335872,0,62662,3849,41489784,0,0,0,0,43671006
f3fbaa05-c1d1-4a12-9d6d-4e97348a1649,2026-05-12 01:44:14,lua,mandelbrot,235654,2539983934,335872,0,108642,2073,22344956,5,54841,0,371,75715548
5ac8df39-e4d3-4edf-a72a-a33940e14f4f,2026-05-12 01:40:12,lua,fasta,60136,648168061,335872,0,42974,844,9092626,34,365111,0,2470,29949581
b6338dba-48ac-432e-adc1-eedf24d5dc58,2026-05-12 01:36:47,lua,spectral-norm,92149,993226536,335872,0,81049,1498,16140995,24,254247,0,1720,56485579
edeb6532-021f-4400-9e72-ce0fe894691d,2026-05-12 01:30:22,lua,n-body,191520,2064287922,335872,0,170170,3130,33733775,9,94752,0,641,118596161
e8a26176-2e92-423c-be68-db33dc421694,2026-05-12 01:23:01,lua,fannkuch-redux,521795,5624134492,335872,0,464197,8523,91860467,94,1016842,0,6879,323512297
ce37c5de-7fc8-4c40-9243-ade6813a387a,2026-05-12 01:14:52,lua,binary-trees,140796,1517559715,335872,0,63459,3858,41583286,4,39911,0,270,44226518
e338a28e-891a-4837-b0f1-1c03de7934f4,2026-05-12 01:11:28,lua,mandelbrot,229092,2469256914,335872,0,102350,1964,21169236,52,556979,0,3768,71330569
ced1a3ad-c2f5-46d3-af8a-4c472bdad72e,2026-05-12 01:07:32,lua,fasta,60803,655361120,335872,0,43788,859,9259619,0,0,0,0,30517141
5da634a9-3ed5-4fc4-9650-e9d287634919,2026-05-12 01:03:59,lua,spectral-norm,92670,998837727,335872,0,81282,1506,16233697,35,375458,0,2540,56647474
df3356b9-587b-4feb-9299-559760c8b2df,2026-05-12 00:57:36,lua,n-body,199756,2153055877,335872,0,178689,3288,35440429,43,459863,0,3111,124533200
b9d9431c-9161-4be2-9531-e02fcd940a48,2026-05-12 00:50:09,lua,fannkuch-redux,522627,5633106469,335872,0,464115,8524,91879504,64,688242,0,4656,323454637
95e9aeb1-683d-46c1-b5d0-306de7a87b24,2026-05-12 00:42:07,lua,binary-trees,140960,1519334672,335872,0,62295,3840,41392563,34,365111,0,2470,43414938
68da2f51-689b-4b63-8052-4b1fd53b9f9a,2026-05-12 00:38:45,lua,mandelbrot,228842,2466557184,335872,0,104474,1999,21547430,39,419952,0,2841,72810783
15060665-b88a-4f61-86e8-efa1e5190bca,2026-05-12 00:34:48,lua,fasta,60363,650621855,335872,0,43196,851,9169040,0,0,0,0,30104300
b20d916d-22d6-4a1c-b683-df12cd39bba3,2026-05-12 00:31:23,lua,spectral-norm,91709,988481649,335872,0,81139,1500,16162783,47,502139,0,3397,56548022
11e05c36-7627-452a-8aa2-ab0fffad0fe8,2026-05-12 00:25:01,lua,n-body,183459,1977401956,335872,0,160072,2946,31757277,44,470210,0,3181,111558500
5b102dcc-4f1c-4258-ad22-ae40cb1b991d,2026-05-12 00:17:24,lua,fannkuch-redux,523122,5638445630,335872,0,464624,8533,91977276,61,662078,0,4479,323809286
6e9bc602-1fcf-416f-acc2-15e729622bfc,2026-05-12 00:09:21,lua,binary-trees,139552,1504154749,335872,0,62632,3860,41606357,0,0,0,0,43650012
b4b6bac8-f376-4503-a6b1-cd86abc70745,2026-05-12 00:05:57,lua,mandelbrot,228724,2465292542,335872,0,104326,1991,21459843,23,250700,0,1696,72707387
b5cbb24b-6c21-49f8-a286-4cd8dee9d0e4,2026-05-12 00:01:56,lua,fasta,61019,657689540,335872,0,44248,869,9368319,0,0,0,0,30837762
50494969-9391-4055-9b8e-ba767803664c,2026-05-11 23:58:30,lua,spectral-norm,92818,1000436421,335872,0,81564,1509,16259334,34,365111,0,2470,56844585
caabed12-2a37-41ae-b1ed-a6d3428453aa,2026-05-11 23:52:07,lua,n-body,191240,2061267286,335872,0,170286,3133,33773082,53,567327,0,3838,118676878
0af37d8a-c2e8-4366-9f6e-4995a2061cdf,2026-05-11 23:44:47,lua,fannkuch-redux,522930,5636371651,335872,0,467623,8587,92552245,98,1053353,0,7126,325899434
5c7143a3-8153-4468-82b1-b97eae6f60f1,2026-05-11 23:36:32,lua,binary-trees,138680,1494749965,335872,0,61572,3825,41226783,35,375458,0,2540,42911041
8c02e14a-f522-4fa2-b949-ac77932b6093,2026-05-11 23:33:09,lua,mandelbrot,235881,2542432400,335872,0,110166,2106,22695404,43,459863,0,3111,76777624
614b3a81-af18-4039-91be-4d0dee891a8d,2026-05-11 23:29:07,lua,fasta,59865,645252720,335872,0,42891,841,9064245,1,10347,0,70,29891865
820600c4-7afa-485a-84bb-73a4edee546d,2026-05-11 23:25:42,lua,spectral-norm,91861,990117274,335872,0,80923,1498,16142212,6,63857,0,432,56397565
04ab4b14-cf16-48dc-894b-17dc22492c6f,2026-05-11 23:19:14,lua,n-body,181511,1956410758,335872,0,159295,2936,31649377,44,470210,0,3181,111017085
4792bcb1-9b37-4369-ae09-82ae84bddb37,2026-05-11 23:12:01,lua,fannkuch-redux,518404,5587586808,335872,0,464369,8526,91900385,17,186103,0,1259,323632103
e386fa9a-3def-46bf-800c-c908a59f24a7,2026-05-11 23:04:00,lua,binary-trees,137705,1484243506,335872,0,60490,3787,40816028,35,375458,0,2540,42157085
11bf9a07-4959-414c-883e-4040f8e3814e,2026-06-07 00:06:09,lua,regex-redux,25148,271053313,254595072,0,26033,661,7128750,0,0,0,0,18143097
1d8d8eff-19d0-4d5c-a570-43a21a5b0ced,2026-06-07 00:03:05,lua,k-nucleotide,120813,1302176618,254509056,0,128148,2607,28098071,14,156096,0,1056,89309653
c6456496-d706-4ac0-bb3b-b8ff028818d4,2026-06-06 22:40:25,lua,regex-redux,25520,275065344,254595072,0,26185,663,7143220,0,0,0,0,18249189
d90394ed-764d-4997-b11a-4130edf68c59,2026-06-06 22:37:19,lua,k-nucleotide,119857,1291868342,254509056,0,108235,2217,23897614,10,105838,0,716,75432259
2cbc5281-9ec3-40e6-a570-c318032f4d3b,2026-06-06 21:14:35,lua,regex-redux,26006,280305458,254595072,106496,25980,653,7038047,0,0,0,0,18106506
d1ac628b-ffc0-4913-bdb7-b3532b3ac15a,2026-06-06 21:11:26,lua,k-nucleotide,120216,1295740954,254509056,0,107514,2183,23526369,10,105838,0,716,74929266
787a9666-cc13-4bfb-8286-e6929fa39448,2026-06-06 19:49:11,lua,regex-redux,25574,275650119,254595072,90112,26087,655,7058256,0,0,0,0,18180482
6a205ea8-d9ab-44f0-975b-e874d4f06c34,2026-06-06 19:46:06,lua,k-nucleotide,121526,1309856611,254509056,0,108718,2207,23783012,45,481296,0,3256,75768908
7144148a-368c-4eca-a768-6e8cb75620ec,2026-06-06 18:23:05,lua,regex-redux,25662,276592070,254595072,143360,25949,652,7029019,0,0,0,0,18084380
036932e8-b544-4b9e-98ad-823b862a3d99,2026-06-06 18:19:58,lua,k-nucleotide,120645,1300370222,254509056,0,107835,2192,23621008,44,470949,0,3186,75153202
f8bfe0d6-bf1c-4a00-afa3-f37e52f887b0,2026-06-06 16:57:26,lua,regex-redux,26379,284328402,254595072,45056,26100,656,7066735,11,121211,0,820,18189994
7faa7f6c-c248-48fe-8659-a75047557f44,2026-06-06 16:54:20,lua,k-nucleotide,121729,1312043865,254509056,0,108072,2199,23699388,44,470949,0,3186,75318737
01fdc2ee-c679-4554-bf1f-b1a881f980d1,2026-06-06 15:31:52,lua,regex-redux,25514,275004065,254595072,0,25999,654,7050989,0,0,0,0,18119265
86478ef4-9f07-4e3d-9a50-620e32984c18,2026-06-06 15:28:45,lua,k-nucleotide,119764,1290865833,254509056,0,107339,2182,23520133,14,145749,0,986,74807639
64f7266b-3ed2-40a1-aa15-547bc26c1672,2026-06-06 14:06:03,lua,regex-redux,25345,273180696,254595072,114688,26007,652,7031643,0,0,0,0,18124772
ddf191cd-80ea-4b20-b7ed-7dd51cc35f17,2026-06-06 14:02:56,lua,k-nucleotide,121704,1311776297,254509056,0,108113,2198,23686270,14,145749,0,986,75346864
3a66c581-ffc3-48b6-a27e-738e7cd1315e,2026-06-06 12:39:52,lua,regex-redux,25494,274786712,254595072,65536,25936,653,7037563,0,0,0,0,18075831
2a074ff4-7301-4d5f-8edc-6a16c36c396a,2026-06-06 12:36:46,lua,k-nucleotide,121382,1308306377,254509056,0,108695,2201,23726921,14,156096,0,1056,75752578
cb833f6a-0391-4b41-b34d-5ddbb1bbbcc6,2026-06-06 11:13:52,lua,regex-redux,25218,271813445,254595072,200704,25929,653,7035363,0,0,0,0,18070820
ff27e961-15c2-4cc5-9ca7-2347a9ad5766,2026-06-06 11:10:46,lua,k-nucleotide,121231,1306678197,254509056,0,108547,2201,23721725,14,145749,0,986,75649568
a4898c78-6294-437c-b0b2-15e49acc28d6,2026-05-07 01:13:03,nodejs,mandelbrot,9409,101413746,864256,0,4400,117,1265853,0,0,0,0,3066421
808226a1-73ed-45c2-be4e-54ac70061be5,2026-05-07 01:10:11,nodejs,fasta,7102,76549366,864256,0,3984,167,1802661,1,10347,0,70,2776379
33bd606f-cff0-44b8-8cac-f9270968de46,2026-05-07 01:07:10,nodejs,spectral-norm,3286,35416985,860160,0,1798,53,567437,0,0,0,0,1253370
13e8f824-0184-4e21-8e4a-128933203f9c,2026-05-07 01:01:36,nodejs,n-body,7785,83910978,126976,0,8097,158,1701825,0,0,0,0,5643036
936b720d-9437-430f-8662-d6db31f1f8c8,2026-05-07 00:56:07,nodejs,fannkuch-redux,28729,309652179,761856,0,11441,230,2483310,0,0,0,0,7973352
7a2f1676-5223-4b6f-aaf7-17e090b7d9f7,2026-05-07 00:53:18,nodejs,binary-trees,11308,121881932,757760,0,6888,993,10703466,0,0,0,0,4800462
ecbf819d-9994-4389-83f2-4676f55ce146,2026-05-07 00:50:32,nodejs,mandelbrot,9432,101664107,864256,0,4342,116,1254013,0,0,0,0,3025728
e58b9a5b-84d2-400f-8df4-284049e83c28,2026-05-07 00:47:41,nodejs,fasta,7005,75503284,864256,0,3939,164,1765246,0,0,0,0,2745217
ac2acf96-8da0-4742-80f0-fb3445421e94,2026-05-07 00:44:38,nodejs,spectral-norm,3271,35257625,860160,0,1689,51,545344,0,0,0,0,1177025
9e6c54b4-af13-406c-b888-98f2cd548c3c,2026-05-07 00:39:05,nodejs,n-body,7690,82887975,126976,0,8035,157,1691756,0,0,0,0,5599858
8c9c4ee5-1da9-4158-93a1-919b7d50771f,2026-05-07 00:33:30,nodejs,fannkuch-redux,28767,310060508,761856,0,11461,233,2512723,0,0,0,0,7987551
fc31d4e1-9965-49fc-92da-6e350a591daa,2026-05-07 00:30:41,nodejs,binary-trees,10949,118008151,757760,0,7016,974,10503577,7,80709,0,546,4889455
f2c052f8-12f0-413d-9e10-5fedcefd3f5e,2026-05-07 00:27:54,nodejs,mandelbrot,9425,101585556,864256,0,4315,118,1273484,0,0,0,0,3007482
b3e671d1-f525-4bdd-aeb5-63f0083b0982,2026-05-07 00:24:56,nodejs,fasta,7007,75524949,864256,0,3975,162,1742539,0,0,0,0,2770070
bf82a71f-c79f-4ff9-a5ed-5aca0e69601a,2026-05-07 00:21:55,nodejs,spectral-norm,3235,34872552,860160,0,1641,49,533320,0,0,0,0,1143595
f6a63062-f93d-4cf7-b069-5cbd39f556c6,2026-05-07 00:16:29,nodejs,n-body,7807,84152070,126976,0,8124,157,1694013,0,0,0,0,5661934
18dfe280-983b-4205-a746-61cdf4e5ae4f,2026-05-07 00:10:53,nodejs,fannkuch-redux,28718,309540426,761856,0,11455,231,2492460,14,151662,0,1026,7983468
421ce4b6-d795-4923-8d2a-7d9c753a646a,2026-05-07 00:08:05,nodejs,binary-trees,11258,121344217,757760,0,7131,986,10631259,1,10347,0,70,4969778
b7dbb7bb-4090-4269-b6a4-29c436e9af30,2026-05-07 00:05:18,nodejs,mandelbrot,9544,102870712,864256,0,4342,115,1237533,0,0,0,0,3026405
703dbd99-b5ca-4ea8-b64d-e7b00c2293a1,2026-05-07 00:02:28,nodejs,fasta,7064,76141158,864256,0,3921,167,1805162,0,0,0,0,2732714
1b2a485f-294b-4173-a3ce-f6eed382ae1a,2026-05-06 23:59:26,nodejs,spectral-norm,3181,34290400,860160,0,1667,49,531488,0,0,0,0,1162025
62a5aa1f-d4ce-4836-a87e-63a18b9d9466,2026-05-06 23:54:01,nodejs,n-body,7696,82948520,126976,0,8054,155,1669357,0,0,0,0,5613396
2b000b2a-f1e7-4ab0-a73a-fed427338fcf,2026-05-06 23:48:33,nodejs,fannkuch-redux,28759,309981406,761856,0,11466,230,2483428,1,10347,0,70,7991237
75bfe202-5b1d-4fbc-8b79-49415985aad5,2026-05-06 23:45:38,nodejs,binary-trees,11105,119699623,757760,0,6950,990,10675330,0,0,0,0,4843750
da531311-a69b-4045-a422-5aa16cfa1287,2026-05-06 23:42:51,nodejs,mandelbrot,9454,101901533,864256,0,4318,115,1237840,0,0,0,0,3009001
8c490499-b008-4e29-9514-05fbd39121ae,2026-05-06 23:40:01,nodejs,fasta,7050,75988142,864256,0,3971,162,1750415,16,172947,0,1170,2767358
3efa0727-6a60-42a2-99da-b4d2369ca5f4,2026-05-06 23:37:00,nodejs,spectral-norm,3240,34920587,860160,0,1672,51,547663,0,0,0,0,1164944
1934c73f-7cdd-4784-b98d-4415f17b6358,2026-05-06 23:31:35,nodejs,n-body,7694,82933262,126976,0,8080,157,1687786,1,10347,0,70,5631381
96b1674f-49ee-44dd-aa60-bff0815b4657,2026-05-06 23:26:07,nodejs,fannkuch-redux,28918,311689959,761856,0,11564,233,2510344,0,0,0,0,8059090
3e72e767-2bc5-4e9b-8b09-c08fc9722edd,2026-05-06 23:23:20,nodejs,binary-trees,10887,117340125,757760,0,7193,993,10706881,1,10347,0,70,5013074
8b3878b7-b6cf-44df-b513-b078bbfc0db7,2026-05-06 23:20:33,nodejs,mandelbrot,9402,101336226,864256,0,4311,119,1281110,0,0,0,0,3004541
e8699fa7-0c62-483b-b729-d7649e65a804,2026-05-06 23:17:43,nodejs,fasta,7046,75940294,864256,0,3908,165,1780017,0,0,0,0,2723636
4f7c6620-0142-45d1-938a-3f0e63cd7206,2026-05-06 23:14:36,nodejs,spectral-norm,3242,34946710,860160,0,1660,48,512567,0,0,0,0,1157006
d0e0c4ba-b3eb-46fe-abda-c98853395fc9,2026-05-06 23:09:03,nodejs,n-body,7694,82932045,126976,0,8078,154,1664351,0,0,0,0,5630082
94a748da-8877-42b4-8118-7d7ba1b6a91c,2026-05-06 23:03:34,nodejs,fannkuch-redux,28617,308450030,761856,0,11422,233,2515774,0,0,0,0,7960577
608e5780-83f0-47d3-b8de-9fbfa333a227,2026-05-06 23:00:46,nodejs,binary-trees,10910,117587990,757760,0,7084,994,10708718,4,47450,0,321,4937227
27f48171-fe17-4c3b-bb26-de8d9c7ee4d2,2026-05-06 22:58:00,nodejs,mandelbrot,9460,101964463,864256,0,4363,119,1285504,1,10347,0,70,3040694
4b42ef4f-88a8-4851-bd47-7e969e509ec4,2026-05-06 22:55:10,nodejs,fasta,6967,75094103,864256,0,3976,167,1802172,0,0,0,0,2771273
59220fbb-ab7c-4e5e-bb83-c1955bc2879d,2026-05-06 22:52:10,nodejs,spectral-norm,3284,35399532,860160,0,1722,51,547784,0,0,0,0,1200185
0e6ffd73-1640-431e-8fe3-0f697d58250e,2026-05-06 22:46:45,nodejs,n-body,7679,82762610,126976,0,8000,157,1695297,0,0,0,0,5575202
7187ad22-7960-463e-93ea-9266876cda0a,2026-05-06 22:41:17,nodejs,fannkuch-redux,28596,308224994,761856,0,11490,231,2490017,0,0,0,0,8007929
fd72fbd8-6be0-485f-876c-d264bfaae7a3,2026-05-06 22:38:29,nodejs,binary-trees,10942,117936621,757760,0,7080,992,10690955,0,0,0,0,4934107
c2cd40fd-1988-4649-9ec7-3ca4713c8bfc,2026-05-06 22:35:43,nodejs,mandelbrot,9418,101512800,864256,0,4323,115,1240036,0,0,0,0,3012652
61b69ab9-253f-44c2-8593-0e642bb35eae,2026-05-06 22:32:45,nodejs,fasta,7010,75552232,864256,0,3895,163,1754746,0,0,0,0,2714795
3a098ee1-b6fc-4a2a-9c4d-66f0abd0b5d1,2026-05-06 22:29:44,nodejs,spectral-norm,3241,34938164,860160,0,1624,52,558099,0,0,0,0,1131560
89289527-e309-443b-87e9-d1a5f27181d9,2026-05-06 22:24:12,nodejs,n-body,7647,82424345,126976,0,8069,157,1696763,0,0,0,0,5623461
17541877-9922-4bd7-825f-faac9dba1cd8,2026-05-06 22:18:37,nodejs,fannkuch-redux,28734,309703818,761856,0,11473,234,2525296,1,10347,0,70,7995768
5af27b6b-2aac-44cf-bba1-95324bd1edb3,2026-05-06 22:15:50,nodejs,binary-trees,13683,147476717,757760,0,8482,1204,12973237,8,81300,0,550,5911438
9be131c3-0db2-4361-a9d2-ad64f4f0089c,2026-05-06 22:13:02,nodejs,mandelbrot,9369,100981611,864256,0,4304,115,1238570,0,0,0,0,2999810
85e68c19-86eb-4fd1-bb85-853aeae52b73,2026-05-06 22:10:13,nodejs,fasta,7031,75782211,864256,0,3960,167,1796740,0,0,0,0,2759588
db3a61e0-17b9-4764-bc9c-e65bf275ca24,2026-05-06 22:07:13,nodejs,spectral-norm,3181,34283626,860160,0,1576,49,523004,0,0,0,0,1098044
45c473db-d1d6-4901-8127-fff9681b0775,2026-05-06 22:01:41,nodejs,n-body,7747,83498813,126976,0,8048,155,1668869,11,121211,0,820,5608768
9c3a4c89-bdf6-4df2-9c2e-184c580c2c83,2026-05-06 21:56:08,nodejs,fannkuch-redux,28666,308973901,761856,0,11483,231,2490629,0,0,0,0,8002585
a37ec34b-2804-445e-bbcd-84f4dcfb8ffe,2026-05-06 21:53:20,nodejs,binary-trees,10933,117837991,757760,0,6813,982,10583776,0,0,0,0,4748222
11dc3cf3-293a-48ad-b160-ca47bce03d19,2026-05-06 21:50:33,nodejs,mandelbrot,9409,101415147,864256,0,4327,115,1239975,0,0,0,0,3015526
41dc9446-1d13-4ba5-abb1-3595b7cd5f0c,2026-05-06 21:47:44,nodejs,fasta,7091,76427722,864256,0,3940,167,1799056,0,0,0,0,2745869
a93a9f78-8d8b-4a05-99bf-67830421f9d8,2026-05-06 21:44:44,nodejs,spectral-norm,3178,34249567,860160,0,1651,47,505854,0,0,0,0,1150523
e48196a8-e7ba-45ba-b88e-89cd90c7c172,2026-05-06 21:39:20,nodejs,n-body,7932,85496366,126976,0,8329,161,1733078,0,0,0,0,5804999
33cbe496-864e-495a-b613-db77a865830e,2026-05-06 21:33:53,nodejs,fannkuch-redux,28616,308440638,761856,0,11488,231,2485073,0,0,0,0,8006282
bda20005-9c82-4559-b8f8-a14c0cdad542,2026-05-06 21:31:05,nodejs,binary-trees,11217,120899269,757760,0,6949,985,10618264,0,0,0,0,4843027
af059234-afe6-4edf-be2f-3d999398aec8,2026-06-07 00:12:03,nodejs,regex-redux,29078,313414521,254996480,0,26566,1182,12739958,0,0,0,0,18514364
a05061a9-442d-4a94-a6a1-306c5411ee23,2026-06-07 00:09:03,nodejs,k-nucleotide,23879,257374811,255037440,0,20493,1218,13123946,0,0,0,0,14282007
7559b152-8df0-4056-8285-789e6eff30dd,2026-06-06 22:46:18,nodejs,regex-redux,28833,310775113,254996480,0,26643,1191,12834685,0,0,0,0,18568338
a74788b8-2df1-435a-8add-430d272c5874,2026-06-06 22:43:20,nodejs,k-nucleotide,26119,281524892,255037440,0,20926,1273,13724227,1,10347,0,70,14583636
f98fe6f7-5822-4de0-8916-d71c68b532c7,2026-06-06 21:20:28,nodejs,regex-redux,28864,311112822,254996480,0,26658,1185,12770607,0,0,0,0,18578387
01b4af37-bcdf-45ae-8d6f-1fe5d1e54cae,2026-06-06 21:17:29,nodejs,k-nucleotide,25904,279208850,255037440,0,19935,1157,12468188,34,365111,0,2470,13893401
f6314e97-cd50-46fc-b98f-d55bb7aa0088,2026-06-06 19:55:03,nodejs,regex-redux,29230,315052949,254996480,0,26382,1181,12724758,0,0,0,0,18386171
86d92aaf-95d9-44d6-aafd-0916def00c61,2026-06-06 19:52:04,nodejs,k-nucleotide,25436,274161491,255037440,0,19004,1166,12570245,0,0,0,0,13244125
e10ddb3b-7625-42e7-be95-d846b2d89244,2026-06-06 18:28:57,nodejs,regex-redux,29099,313639431,254996480,0,26515,1186,12784520,0,0,0,0,18479073
0647edce-8225-4b64-a24e-cf0e83aff16a,2026-06-06 18:25:59,nodejs,k-nucleotide,25992,280158622,255037440,0,18817,1211,13054319,0,0,0,0,13113928
823f25c9-e565-44bb-abd8-1b461a141ec5,2026-06-06 17:03:33,nodejs,regex-redux,28730,309660490,254996480,0,26498,1180,12717433,35,375458,0,2540,18467362
75af348b-ac68-4cb6-a579-bb973ec6c8c3,2026-06-06 17:00:20,nodejs,k-nucleotide,25236,272003718,255037440,0,19314,1185,12776856,0,0,0,0,13460772
0fed8d28-a93f-445b-93df-05e1289fed8e,2026-06-06 15:38:00,nodejs,regex-redux,28994,312508751,254996480,0,26567,1181,12733238,0,0,0,0,18515058
72eb6a87-38c4-48b1-9011-150b68b0260b,2026-06-06 15:35:02,nodejs,k-nucleotide,23675,255174966,255037440,0,23721,1286,13862100,32,340130,0,2301,16531669
39da33ed-ffd1-4495-a1c7-a355bab5abae,2026-06-06 14:12:01,nodejs,regex-redux,29166,314365998,254996480,0,26560,1192,12845608,0,0,0,0,18510419
65b73e3f-7a3c-4f01-a810-0bf85f28692e,2026-06-06 14:09:03,nodejs,k-nucleotide,25940,279589653,255037440,0,18909,1162,12529174,0,0,0,0,13177879
7ce7ff3b-dae2-47ac-8b5b-d6d2ce1602cf,2026-06-06 12:45:53,nodejs,regex-redux,29089,313537567,254996480,0,26674,1183,12755400,9,91647,0,620,18589679
b74a91db-382a-4bb5-9765-3d4563a0bdbe,2026-06-06 12:42:46,nodejs,k-nucleotide,25629,276239309,255037440,0,18871,1163,12538875,0,0,0,0,13151782
a58fd012-bea7-471e-bc97-5b4dd985d04f,2026-06-06 11:19:45,nodejs,regex-redux,28701,309351098,254996480,0,26674,1195,12878144,8,81300,0,550,18590152
1056e29b-a9e7-44d8-bbe3-f46f1176b34d,2026-06-06 11:16:46,nodejs,k-nucleotide,25696,276960991,255037440,0,19698,1143,12317371,0,0,0,0,13728339
0995c41b-a36b-4334-930e-fd900055173c,2026-05-30 04:34:04,ocaml,mandelbrot,17588,189574804,0,0,7345,162,1748024,8,81300,0,550,5118594
d4c0d552-63a6-4966-92df-6020893130f9,2026-05-30 04:30:55,ocaml,fasta,5891,63493573,0,0,5505,166,1791002,0,0,0,0,3836455
eb1afad4-220b-4c3d-9268-50e0389d34f0,2026-05-30 04:27:38,ocaml,spectral-norm,4085,44030868,0,0,4316,85,912525,0,0,0,0,3007843
5743d38a-1c7c-4a87-a810-58aa98269c7b,2026-05-30 04:20:30,ocaml,n-body,6306,67973302,0,0,6607,128,1380048,0,0,0,0,4604885
29b225d9-d56e-4686-906c-c29ece197c14,2026-05-30 04:14:17,ocaml,fannkuch-redux,29606,319108296,0,0,12007,232,2501181,8,81300,0,550,8367963
5ac68bfa-a730-4cae-a76d-f5cf272cb1cf,2026-05-30 04:10:58,ocaml,binary-trees,6455,69578963,0,0,4552,529,5704333,0,0,0,0,3172652
34282053-f297-4653-a8f7-2452f1b0bf93,2026-05-30 04:07:57,ocaml,mandelbrot,17619,189908178,0,0,7346,161,1733860,11,121211,0,820,5119576
e645731b-3f0c-4d2e-8a6a-b19ac9f1ed82,2026-05-30 04:04:49,ocaml,fasta,5766,62152018,0,0,5541,167,1802719,0,0,0,0,3861992
d59066d8-f41d-49d7-bf00-8ebe161f3eea,2026-05-30 04:01:25,ocaml,spectral-norm,4099,44182843,0,0,4299,87,937791,0,0,0,0,2996198
c6d4453a-4ed3-48ac-9883-e19a1edc6080,2026-05-30 03:54:11,ocaml,n-body,6278,67670327,0,0,6632,131,1408796,0,0,0,0,4622083
4148720b-f93d-4994-b916-39911baa422a,2026-05-30 03:48:13,ocaml,fannkuch-redux,29596,319002645,0,0,11994,236,2539146,0,0,0,0,8359212
35b6d212-60dd-402a-85a3-12ecfa5540cb,2026-05-30 03:44:58,ocaml,binary-trees,6641,71579696,0,0,4617,528,5692793,0,0,0,0,3217742
0d308df5-3dfb-49a1-acb4-446c96fd40de,2026-05-30 03:41:56,ocaml,mandelbrot,17650,190235145,0,0,7389,164,1763706,0,0,0,0,5149858
ff5c0471-b0c4-44d5-9712-f43028cbc53e,2026-05-30 03:38:47,ocaml,fasta,6149,66280257,0,0,5562,171,1841356,0,0,0,0,3876394
e0070b8e-1bb5-4d05-bb67-f65bced7c970,2026-05-30 03:35:30,ocaml,spectral-norm,4090,44087082,0,0,4351,85,916491,0,0,0,0,3032153
99d99a47-d4e0-4caa-abbf-6c3be0ca48fa,2026-05-30 03:28:29,ocaml,n-body,6255,67415870,0,0,6583,128,1375529,0,0,0,0,4588124
d035956b-22ac-43fa-a6c8-371e67a82464,2026-05-30 03:22:33,ocaml,fannkuch-redux,29600,319041336,0,0,11957,231,2487089,0,0,0,0,8333167
d86ba745-f93b-4040-b73e-0ab84a32b365,2026-05-30 03:19:21,ocaml,binary-trees,6913,74509994,0,0,4705,517,5571333,0,0,0,0,3279144
6c406c0f-eed2-40cf-a6e9-3cf60762af4f,2026-05-30 03:16:21,ocaml,mandelbrot,17631,190030675,0,0,7432,163,1761994,0,0,0,0,5179710
e74915e8-799e-4e83-b74e-5a5697bbeafa,2026-05-30 03:12:51,ocaml,fasta,5907,63673503,0,0,5592,171,1842945,0,0,0,0,3896970
f0430fe8-6822-4159-8764-6bbbd8af7052,2026-05-30 03:09:33,ocaml,spectral-norm,4092,44104722,0,0,4361,88,950365,0,0,0,0,3039275
b9ad9586-ec1b-4d8b-b8f7-736ac6beaebb,2026-05-30 03:02:28,ocaml,n-body,6259,67458352,0,0,6608,128,1376020,0,0,0,0,4605132
14e4e324-1ffd-4da8-aa6a-b32dfc3eb39a,2026-05-30 02:56:31,ocaml,fannkuch-redux,29546,318464250,0,0,11942,233,2510154,0,0,0,0,8322373
faa1973d-aa70-4983-871d-c4f479794ca8,2026-05-30 02:53:27,ocaml,binary-trees,6560,70709578,0,0,4517,528,5693587,0,0,0,0,3147859
c33695cd-b15b-4690-b359-5433c872d021,2026-05-30 02:50:27,ocaml,mandelbrot,17651,190246614,0,0,7356,164,1770907,0,0,0,0,5126425
d82831b1-2b30-4acd-9549-1ed2ea8c6f07,2026-05-30 02:47:19,ocaml,fasta,5933,63950847,0,0,5560,168,1809372,0,0,0,0,3874931
ceedf8f1-2dff-4082-8fcc-af2bf7da1525,2026-05-30 02:44:03,ocaml,spectral-norm,4126,44468062,0,0,4299,89,954393,0,0,0,0,2996198
ad962627-d836-4a9d-a419-2e75934cc8a6,2026-05-30 02:36:57,ocaml,n-body,6332,68244672,0,0,6614,128,1382000,4,39911,0,270,4609536
0bfdf398-7e4e-475b-9a83-046959a4d7ed,2026-05-30 02:31:00,ocaml,fannkuch-redux,29557,318581987,0,0,11953,231,2490018,4,39911,0,270,8330547
ac8b73c6-587f-43ca-92de-3a507942a77f,2026-05-30 02:27:57,ocaml,binary-trees,6626,71423204,0,0,4374,525,5654402,23,243900,0,1650,3048270
d1392d04-6d69-45a4-a39c-38748f1fc0d3,2026-05-30 02:24:49,ocaml,mandelbrot,17552,189181981,0,0,7350,161,1737156,0,0,0,0,5122113
172c83a5-1d23-49e6-bd65-f96e00274612,2026-05-30 02:21:25,ocaml,fasta,5857,63124373,0,0,5508,168,1806746,0,0,0,0,3838651
3e614851-3036-4408-a9c3-baaeba424d7f,2026-05-30 02:18:09,ocaml,spectral-norm,4084,44023789,0,0,4314,85,921070,0,0,0,0,3006332
ac9be988-936a-4278-aceb-d27934f06138,2026-05-30 02:11:09,ocaml,n-body,6296,67860943,0,0,6646,129,1385296,0,0,0,0,4631872
c04261c5-f3d2-40d6-9c52-83266b670b3f,2026-05-30 02:05:07,ocaml,fannkuch-redux,29661,319701866,0,0,11964,231,2494837,0,0,0,0,8338230
5d754e09-e29a-43ff-81e0-4885c371ff5a,2026-05-30 02:02:03,ocaml,binary-trees,6732,72565593,0,0,4514,524,5651353,0,0,0,0,3146061
1ebc48ce-e2f7-464e-a9de-5c6879de903a,2026-05-30 01:58:49,ocaml,mandelbrot,17609,189796605,0,0,7338,164,1771156,0,0,0,0,5113882
c1b22273-ec86-4132-a967-44b2231250fe,2026-05-30 01:55:42,ocaml,fasta,5884,63421977,0,0,5566,168,1807786,0,0,0,0,3879053
0cdc96cf-b26c-4120-a646-629c2bd3e4e4,2026-05-30 01:52:19,ocaml,spectral-norm,4162,44858751,0,0,4295,85,912159,0,0,0,0,2993316
5c707ce8-0ee8-47e1-9544-bae97082c1d6,2026-05-30 01:45:14,ocaml,n-body,6347,68410010,0,0,6621,129,1386455,0,0,0,0,4614137
ce66d8e3-5d2f-445e-88e5-9c56ee6cea59,2026-05-30 01:39:18,ocaml,fannkuch-redux,29683,319941617,0,0,11963,232,2503199,0,0,0,0,8337379
556eaf36-418b-46f1-a31e-f4903d50c649,2026-05-30 01:36:00,ocaml,binary-trees,6470,69734543,0,0,4455,525,5660937,0,0,0,0,3105065
e8d01e28-6b4e-4e48-aa88-5ba4aac2907f,2026-05-30 01:32:46,ocaml,mandelbrot,17643,190159154,0,0,7419,166,1788425,0,0,0,0,5170226
8ca3ad3a-9240-4d8c-b350-be491295ba51,2026-05-30 01:29:38,ocaml,fasta,5846,63009017,0,0,5565,168,1806202,0,0,0,0,3878656
1282a801-8c2b-4394-99d9-92a9e14db55f,2026-05-30 01:26:22,ocaml,spectral-norm,4073,43896042,0,0,4319,86,923876,0,0,0,0,3010328
d6b98b45-60bb-4bc1-a0d8-df0db9709685,2026-05-30 01:19:22,ocaml,n-body,6342,68359842,0,0,6599,132,1425822,0,0,0,0,4599099
e991f613-2c0a-44eb-aac6-042553b830d2,2026-05-30 01:13:28,ocaml,fannkuch-redux,29626,319324175,0,0,11999,232,2505092,0,0,0,0,8362659
da103f41-559d-4acb-9bdb-faa0978220b0,2026-05-30 01:10:25,ocaml,binary-trees,6576,70883285,0,0,4460,525,5661239,0,0,0,0,3108605
bb0fb7dc-384d-4816-a1af-c106dc56266c,2026-05-30 01:07:26,ocaml,mandelbrot,17662,190368017,0,0,7440,164,1768894,0,0,0,0,5185430
2fbb30da-72ca-49dd-bee7-7a75d7ec35e7,2026-05-30 01:04:05,ocaml,fasta,6171,66511640,0,0,5535,164,1771533,0,0,0,0,3857366
93543597-fa5f-4c2d-8e8b-44f1da6f1ca5,2026-05-30 01:00:48,ocaml,spectral-norm,4121,44416120,0,0,4295,85,915392,0,0,0,0,2993368
6212f259-6fed-42c1-8f14-042495273b3c,2026-05-30 00:53:50,ocaml,n-body,6327,68199438,0,0,6665,128,1380291,0,0,0,0,4645150
778afa90-3a28-4d12-857e-fce6ddc374a4,2026-05-30 00:47:55,ocaml,fannkuch-redux,29585,318877704,0,0,11979,232,2501734,26,283811,0,1920,8348332
00b84361-d90e-4c30-ae7a-ae6de18d8f13,2026-05-30 00:44:44,ocaml,binary-trees,6692,72132976,0,0,4593,535,5764082,0,0,0,0,3200731
b7814f25-96df-406f-a202-b927168669f7,2026-05-30 00:41:46,ocaml,mandelbrot,17690,190671059,0,0,7437,162,1750336,0,0,0,0,5183118
29a91be9-9e32-45cf-9781-f718be40087b,2026-05-30 00:38:40,ocaml,fasta,5799,62506815,0,0,5575,168,1813890,0,0,0,0,3885616
f46e153d-9708-4d40-9a7f-7e2eba70d3cf,2026-05-30 00:35:24,ocaml,spectral-norm,4074,43915206,0,0,4331,85,916368,0,0,0,0,3018354
2b4566f6-46e2-49ed-84f6-f368aa36ded8,2026-05-30 00:28:05,ocaml,n-body,6295,67854046,0,0,6590,128,1382794,0,0,0,0,4592917
d734fda8-e837-477a-9404-e1fed42f8991,2026-05-30 00:22:14,ocaml,fannkuch-redux,29562,318633198,0,0,11976,236,2539941,0,0,0,0,8346163
3359d95c-10c1-4118-83df-d3b7efe0712e,2026-05-30 00:19:13,ocaml,binary-trees,6529,70370466,0,0,4574,533,5742231,0,0,0,0,3187406
5f6c3259-50cb-4e72-90c9-98bec2657115,2026-06-07 00:19:27,ocaml,regex-redux,19192,206858771,254173184,94208,14165,484,5220164,4,40798,0,276,9871863
5becdf39-46f1-42b7-bdda-432caeb5d383,2026-06-07 00:15:11,ocaml,k-nucleotide,24396,262955256,254173184,0,19345,881,9491937,0,0,0,0,13482404
5d1b1f51-ded6-4902-a8a1-da2523d89c13,2026-06-06 22:53:41,ocaml,regex-redux,19242,207398142,254173184,28672,14121,487,5250310,0,0,0,0,9841177
ea06c3d8-78c4-4d21-9a69-9fd26379abc9,2026-06-06 22:49:33,ocaml,k-nucleotide,24461,263646969,254173184,0,19561,888,9575542,34,365111,0,2470,13632423
db30b408-1d63-4b0e-b175-ca982f36ac6d,2026-06-06 21:27:49,ocaml,regex-redux,19724,212594795,254173184,36864,13968,480,5170416,0,0,0,0,9734530
9bd9b2e1-3eab-4346-ae3b-1a0c9dfc85ab,2026-06-06 21:23:35,ocaml,k-nucleotide,24686,266073482,254173184,0,19424,876,9437176,34,365111,0,2470,13536934
33b74978-c067-4506-8659-69e9d9716a2f,2026-06-06 20:02:21,ocaml,regex-redux,19386,208954605,254173184,28672,14036,478,5151435,0,0,0,0,9781905
04a700c7-4c2f-40a8-8e2f-b7da099ace88,2026-06-06 19:58:12,ocaml,k-nucleotide,25088,270414419,254173184,0,19834,886,9550701,0,0,0,0,13822641
a871e5c4-893a-4b5d-9d2c-9660925ccdfa,2026-06-06 18:36:26,ocaml,regex-redux,19373,208815990,254173184,102400,14015,480,5175909,4,39911,0,270,9767700
db1d9b7b-9b7c-4cda-9ae0-8dbd93253ae7,2026-06-06 18:32:18,ocaml,k-nucleotide,27154,292680250,254173184,0,31612,1079,11624592,0,0,0,0,22031248
f2ad7967-c0f3-496c-9de3-80d476c1f759,2026-06-06 17:10:49,ocaml,regex-redux,19229,207257093,254173184,28672,14047,479,5158823,0,0,0,0,9789877
bd5c423a-d32b-45d2-9231-c6a407311f86,2026-06-06 17:06:40,ocaml,k-nucleotide,24604,265194085,254173184,0,19714,884,9524156,0,0,0,0,13739108
9f35bb93-b769-476e-af0e-16e8bd7beaba,2026-06-06 15:45:16,ocaml,regex-redux,19468,209832347,254173184,45056,14020,480,5173528,0,0,0,0,9770759
25916195-8d41-48c4-a359-c37279329a65,2026-06-06 15:41:07,ocaml,k-nucleotide,24381,262785511,254173184,0,19430,883,9517562,0,0,0,0,13541151
6ce5fb7a-60b5-4b3c-b857-d3080c35a53d,2026-06-06 14:19:22,ocaml,regex-redux,19463,209777964,254173184,36864,14061,480,5177740,0,0,0,0,9799259
0bce6115-6454-40ad-ba9c-f52d2b54c1e2,2026-06-06 14:15:10,ocaml,k-nucleotide,24458,263616574,254173184,0,19829,894,9633828,0,0,0,0,13819166
0397c2f1-f989-432e-86ec-e4833892ea9e,2026-06-06 12:53:13,ocaml,regex-redux,19204,206989941,254173184,28672,13990,480,5174755,0,0,0,0,9749879
42f384d4-c1fd-4e26-8310-664adc9c6fbc,2026-06-06 12:49:00,ocaml,k-nucleotide,24496,264031550,254173184,0,19570,881,9495902,0,0,0,0,13638568
00a02de2-f0b2-49e2-bf01-3aa026bbcb53,2026-06-06 11:27:16,ocaml,regex-redux,19163,206545424,254173184,81920,13997,480,5174811,0,0,0,0,9754737
21b0bd4e-90f0-4281-b960-baeb0528c152,2026-06-06 11:22:52,ocaml,k-nucleotide,24691,266132866,254173184,0,19378,871,9383403,0,0,0,0,13505017
eb4d308e-7b36-4eda-b3d8-4d5aa3b4af12,2026-05-06 05:17:18,perl,mandelbrot,1121943,12092793645,4046848,0,486659,8989,96888458,94,1016842,0,6879,339166087
f2d7e9e0-bdbf-4590-863c-9bfe1178eadb,2026-05-06 05:08:51,perl,fasta,73223,789233321,3743744,0,57167,1118,12052570,0,0,0,0,39841199
5abb6b5d-43f5-4c8f-a9dc-6ce964f4402e,2026-05-06 05:05:14,perl,spectral-norm,61496,662826755,3932160,0,24742,473,5103146,0,0,0,0,17243734
222699e4-e4c0-40f1-a29f-29efbe0862b1,2026-05-06 04:59:28,perl,n-body,429686,4631345684,3710976,0,351956,6468,69714296,51,554614,0,3752,245287709
e452d7e6-908c-412a-a6c6-e4ab21ae93c6,2026-05-06 04:49:57,perl,fannkuch-redux,845794,9116340147,3801088,0,367624,6774,73011372,40,433403,0,2932,256207552
58723299-1c46-420f-8d56-83572fabf4e9,2026-05-06 04:43:01,perl,binary-trees,100944,1088023653,4030464,0,43955,2254,24290214,0,0,0,0,30633337
5ff84d77-eb57-4589-86ab-41702e8299fc,2026-05-06 04:39:49,perl,mandelbrot,1118320,12053753634,4046848,0,485274,8964,96621795,64,688242,0,4656,338201430
795c552b-4f47-4f5d-978f-00c0830e519e,2026-05-06 04:31:23,perl,fasta,74552,803558583,3743744,0,58468,1140,12285657,47,502139,0,3397,40747877
96300eef-7ca5-4281-8234-a41631ea662b,2026-05-06 04:27:45,perl,spectral-norm,62201,670435279,3932160,0,24976,474,5113338,34,365111,0,2470,17406144
257af7f5-8ccb-4ec8-ae92-cebd8b67e953,2026-05-06 04:21:52,perl,n-body,424312,4573418890,3710976,0,347121,6376,68725407,60,651731,0,4409,241918329
2019b10c-8dc7-4924-9ca0-97d90157bab0,2026-05-06 04:12:25,perl,fannkuch-redux,848294,9143291680,3801088,0,366062,6746,72708570,60,651731,0,4409,255118718
a37f57b6-fed1-4b98-b59f-2727d919f52e,2026-05-06 04:05:30,perl,binary-trees,101549,1094543852,4030464,0,44389,2264,24405745,0,0,0,0,30936145
41d5e0e9-28c8-4ac0-af50-ec0d4cd1e956,2026-05-06 04:02:16,perl,mandelbrot,1119415,12065551256,4046848,0,485996,9051,97552965,17,186103,0,1259,338704148
5770dd64-2920-4341-8a79-20a206278865,2026-05-06 03:53:51,perl,fasta,74081,798476775,3743744,0,58522,1142,12308977,0,0,0,0,40785676
bfa9865a-1175-4b83-a5ab-23b48758d5a5,2026-05-06 03:50:13,perl,spectral-norm,61393,661722441,3932160,0,24559,467,5031246,0,0,0,0,17115949
a4af1879-045f-473c-8c65-e8350c8a2745,2026-05-06 03:44:21,perl,n-body,455856,4913417856,3710976,0,375779,6901,74381946,64,688242,0,4656,261890878
324b83b6-cba7-4837-86f1-baeaabdc8934,2026-05-06 03:34:34,perl,fannkuch-redux,851881,9181956218,3801088,0,368136,6785,73128373,57,611820,0,4139,256564435
b74d5664-14b6-4c01-ac6e-203278779422,2026-05-06 03:27:38,perl,binary-trees,101434,1093304108,4030464,0,43894,2249,24237173,0,0,0,0,30591213
b4e96429-da5e-41c9-a4a3-8bf117e86116,2026-05-06 03:24:26,perl,mandelbrot,1113942,12006558454,4046848,0,483108,8920,96147249,53,571909,0,3869,336691669
fe69a998-c990-490e-b4c8-242bf1ce3f5b,2026-05-06 03:16:02,perl,fasta,73706,794438091,3743744,0,58503,1142,12309034,34,365111,0,2470,40772661
f6f0441d-6a6b-40a9-a9d7-582209e6b2d7,2026-05-06 03:12:24,perl,spectral-norm,61583,663765843,3932160,0,24678,472,5086793,0,0,0,0,17198763
2a03af61-1cb4-49e7-84e0-992fa380362a,2026-05-06 03:06:40,perl,n-body,418269,4508288139,3710976,0,342963,6301,67919265,35,373241,0,2525,239020767
ab76ea93-f54f-41b2-9d8b-e4daa72ad9b1,2026-05-06 02:57:16,perl,fannkuch-redux,856251,9229048420,3801088,0,369876,6812,73428133,91,976931,0,6609,257776828
5c2e7319-cbb5-4398-9793-0b0402c5253c,2026-05-06 02:50:18,perl,binary-trees,101499,1093996544,4030464,0,44246,2251,24267202,0,0,0,0,30836606
b826eb3a-5f7c-4d4d-a0f0-c306371d7093,2026-05-06 02:47:06,perl,mandelbrot,1144158,12332242658,4046848,0,496676,9166,98791787,94,1016842,0,6879,346147697
4f80ef71-7ca9-49c6-a1f6-039dc2a47f62,2026-05-06 02:38:33,perl,fasta,72354,779866618,3743744,0,57485,1122,12096455,35,375458,0,2540,40063198
67676d41-a6ad-4767-a9b9-12fe95b99b58,2026-05-06 02:34:49,perl,spectral-norm,61552,663434365,3932160,0,24691,470,5062192,4,39911,0,270,17207907
fb8908d8-6c29-4ebc-9273-1b17b3e11670,2026-05-06 02:29:05,perl,n-body,425646,4587802364,3710976,0,349383,6419,69191340,52,564961,0,3822,243494843
2047797c-aafa-486e-b229-7befb7d5de31,2026-05-06 02:19:37,perl,fannkuch-redux,847820,9138178232,3801088,0,365589,6741,72660554,51,554614,0,3752,254789432
8ff9ffee-e006-40ab-856b-7a7b0608ebf6,2026-05-06 02:12:42,perl,binary-trees,101471,1093698831,4030464,0,44202,2249,24241570,4,39911,0,270,30805273
9c8ab649-74d6-4d8d-9a52-d5a3d6a36f25,2026-05-06 02:09:30,perl,mandelbrot,1116500,12034136040,4046848,0,484454,8947,96431680,64,688242,0,4656,337629878
aa5e008e-f73b-499a-88f2-b7fb9aeb9f0d,2026-05-06 02:00:58,perl,fasta,72880,785535197,3743744,0,56908,1113,12000081,7,80709,0,546,39660907
e65ddf0a-b9d3-47dd-b89a-eee4f6ccfb4d,2026-05-06 01:57:22,perl,spectral-norm,61457,662412570,3932160,0,24647,469,5060419,0,0,0,0,17177225
303e59c4-e6e7-4dd6-8d4c-92961568f96a,2026-05-06 01:51:37,perl,n-body,461664,4976021356,3710976,0,368421,6769,72962388,94,1016842,0,6879,256763203
91e53e76-fd37-4fe3-b00c-88c3ff7685b8,2026-05-06 01:41:55,perl,fannkuch-redux,850263,9164507018,3801088,0,368206,6784,73125090,94,1016842,0,6879,256613040
6704f8f2-4b30-47a4-8a41-15094d41bf5d,2026-05-06 01:34:59,perl,binary-trees,101417,1093114660,4030464,0,44287,2261,24369622,1,10347,0,70,30864803
b9e21a65-7672-40cb-8e7c-d9bb74a5c86e,2026-05-06 01:31:48,perl,mandelbrot,1114872,12016581307,4046848,0,484232,8937,96324721,60,651731,0,4409,337474679
be668d9e-51dd-4cb9-ace7-4caa09600f09,2026-05-06 01:23:23,perl,fasta,74958,807928914,3743744,0,59628,1161,12513436,4,39911,0,270,41556259
cd5dd33c-4a76-4611-8f79-38dc01c5a6db,2026-05-06 01:19:45,perl,spectral-norm,61504,662919102,3932160,0,24637,469,5051332,34,365111,0,2470,17170324
d7b08ea5-bfe9-4d43-aead-d424bd15e15c,2026-05-06 01:13:55,perl,n-body,423173,4561149471,3710976,0,350017,6428,69283088,57,611820,0,4139,243936495
cddbb7d5-72f0-4bfc-a45a-724e70e7b59e,2026-05-06 01:04:09,perl,fannkuch-redux,853435,9198703305,3801088,0,369011,6802,73317401,64,688242,0,4656,257173930
142c3848-4777-429f-8342-8c61cd6bfb01,2026-05-06 00:57:12,perl,binary-trees,102169,1101220307,4030464,0,43875,2243,24171310,0,0,0,0,30577791
3691acf1-a607-41fd-8349-557e62db909d,2026-05-06 00:54:01,perl,mandelbrot,1116458,12033674513,4046848,0,484919,8956,96528459,35,373241,0,2525,337953381
44251498-6a63-43ef-8c0a-aea07d519041,2026-05-06 00:45:37,perl,fasta,73636,793682903,3743744,0,57832,1131,12192766,4,39911,0,270,40304528
c79916b0-861a-4bef-9be4-a353d461267f,2026-05-06 00:42:00,perl,spectral-norm,61593,663876498,3932160,0,24717,469,5056212,8,81300,0,550,17225808
8140c1d7-bc50-40d5-9d9e-36a2c3ad5e14,2026-05-06 00:36:16,perl,n-body,425103,4581953886,3710976,0,350482,6438,69388015,38,413152,0,2795,244260541
77dbf811-b9df-48e4-ab02-c32780191354,2026-05-06 00:26:48,perl,fannkuch-redux,848653,9147157167,3801088,0,367819,6776,73037246,38,413152,0,2795,256343200
d6530394-e97a-4d29-800a-01ce5b7df099,2026-05-06 00:19:44,perl,binary-trees,101212,1090911704,4030464,0,43866,2249,24236437,34,365111,0,2470,30571738
69d8923c-800e-43d0-908f-7031b07fb5e3,2026-05-06 00:16:33,perl,mandelbrot,1114290,12010309325,4046848,0,484159,8944,96406406,94,1016842,0,6879,337423801
a244b1f9-df44-4823-84f0-6ab0b6d78739,2026-05-06 00:08:10,perl,fasta,72783,784484178,3743744,0,57249,1119,12059840,35,375458,0,2540,39898650
2e2dc3a7-84cc-4fb2-9966-49bf05ef049b,2026-05-06 00:04:33,perl,spectral-norm,61604,663994110,3932160,0,24683,469,5058226,0,0,0,0,17202323
5a61ce74-cdc6-41e9-92f9-37ae56e3b863,2026-05-05 23:58:50,perl,n-body,424161,4571791884,3710976,0,347956,6395,68925537,53,571909,0,3869,242500255
6d6f0841-a813-4716-b378-48a4b3076833,2026-05-05 23:49:23,perl,fannkuch-redux,846905,9128320111,3801088,0,368168,6789,73172673,51,554614,0,3752,256586936
15a8c4d9-e450-41c1-b329-cf86f9381414,2026-05-05 23:42:28,perl,binary-trees,100679,1085167396,4030464,0,43850,2258,24337944,1,10347,0,70,30560629
c76a46d3-f7f6-497a-9906-bd58b2ccc0cc,2026-05-05 23:39:17,perl,mandelbrot,1113719,12004154695,4046848,0,486067,8983,96821410,98,1053353,0,7126,338753593
3b646525-eb08-490d-8363-5c399d074443,2026-05-05 23:30:52,perl,fasta,76040,819588288,3743744,0,60384,1176,12680436,0,0,0,0,42083493
1b95f8c8-711a-4b1c-8f37-a4e4ac57ca6f,2026-05-05 23:27:14,perl,spectral-norm,61781,665900177,3932160,0,24768,473,5100465,0,0,0,0,17261526
0182c42f-6133-4bfe-bae8-1145e0b71faa,2026-05-05 23:21:31,perl,n-body,427975,4612900014,3710976,0,351284,6454,69569160,95,1027189,0,6949,244819698
a7f699ba-27b2-4993-a2ca-70d20223aab2,2026-05-05 23:12:03,perl,fannkuch-redux,851292,9175607538,3801088,0,367429,6773,72998675,60,651731,0,4409,256071568
f1a2b716-6648-4ca8-9229-56ed10ad56c9,2026-05-05 23:05:09,perl,binary-trees,100763,1086073395,4030464,0,43939,2258,24341231,5,50258,0,340,30622253
2151173c-82d6-48f0-aab6-4def3c27cf93,2026-06-07 00:26:17,perl,regex-redux,127386,1373017972,257986560,0,60531,1322,14245961,0,0,0,0,42186107
b8129ecf-26e2-43c7-a786-fe98162f6377,2026-06-07 00:22:49,perl,k-nucleotide,86704,934534985,257974272,0,50400,3217,34676959,0,0,0,0,35125001
dee7eb34-9c71-44b4-8852-0f57d649805a,2026-06-06 23:00:18,perl,regex-redux,127350,1372634255,257986560,0,60760,1327,14299672,0,0,0,0,42345627
20400053-11aa-44ca-8405-6150b87b24e9,2026-06-06 22:56:57,perl,k-nucleotide,86801,935582153,257974272,0,50393,3217,34678171,1,10347,0,70,35120519
ee6cc2cd-4667-454a-8b25-0756a358df6c,2026-06-06 21:34:40,perl,regex-redux,136926,1475846824,257986560,0,80569,1713,18462935,29,312340,0,2113,56151003
6287f57d-c5ae-4693-aab1-44087ff581ac,2026-06-06 21:31:04,perl,k-nucleotide,86669,934154723,257974272,0,50657,3225,34765378,0,0,0,0,35304078
d803da87-36d7-4969-93f9-af9d04141ed9,2026-06-06 20:08:59,perl,regex-redux,129727,1398250282,257986560,0,59953,1303,14045563,4,39911,0,270,41783080
12c36ffe-4342-4023-bba0-29d09d27ae13,2026-06-06 20:05:36,perl,k-nucleotide,86658,934040167,257974272,0,50170,3209,34584201,35,375458,0,2540,34965147
811dd5cb-6f74-474d-8c86-69614e868a87,2026-06-06 18:43:02,perl,regex-redux,128488,1384895551,257986560,0,60202,1308,14102168,4,39911,0,270,41956606
bc24a020-3884-49c5-b582-af984a3964a7,2026-06-06 18:39:41,perl,k-nucleotide,86403,931286012,257974272,0,50269,3217,34672047,34,365111,0,2470,35033967
62be4cad-0040-46c0-92b3-76c1ceb11821,2026-06-06 17:17:32,perl,regex-redux,129179,1392353121,257986560,0,60356,1310,14125016,34,365111,0,2470,42063633
5df62fe2-1c95-4c11-adec-e7db6fc14a2f,2026-06-06 17:14:04,perl,k-nucleotide,86743,934949536,257974272,0,50236,3202,34514268,0,0,0,0,35010645
7489b7f1-5f1c-417c-ac4e-18319d3b9e2f,2026-06-06 15:51:51,perl,regex-redux,129689,1397848484,257986560,0,60310,1307,14085521,34,365111,0,2470,42031833
710aa5eb-faa1-42c1-82fb-dc14b5b9b7ad,2026-06-06 15:48:30,perl,k-nucleotide,87784,946179252,257974272,0,51390,3226,34771086,0,0,0,0,35815465
d33c2000-6d71-4592-9fbc-179d67a08699,2026-06-06 14:26:15,perl,regex-redux,132219,1425113239,257986560,0,65564,1404,15136229,1,10347,0,70,45693742
c1f75698-cd51-4344-8d86-bde1d767ed29,2026-06-06 14:22:51,perl,k-nucleotide,86451,931806949,257974272,0,50517,3204,34534274,1,10347,0,70,35206416
c81835ab-7d3d-41ab-bd70-d68294f2df3d,2026-06-06 12:59:57,perl,regex-redux,137708,1484274161,257986560,0,71355,1509,16262885,34,365111,0,2470,49729560
a0e2ed3d-a2ea-440a-b1e8-49d441f98703,2026-06-06 12:56:28,perl,k-nucleotide,87233,940236642,257974272,0,50542,3230,34818514,5,50258,0,340,35224015
070abbac-2a4d-4497-8811-807206fe51de,2026-06-06 11:33:58,perl,regex-redux,137315,1480037236,257986560,0,69238,1474,15886942,34,365111,0,2470,48253710
9943fdd2-e0e9-44a1-8f59-44eca05c5e16,2026-06-06 11:30:31,perl,k-nucleotide,86659,934049748,257974272,0,50686,3211,34609901,0,0,0,0,35324272
a0da2462-4991-4ab7-9017-6d68e36579ee,2026-05-30 19:45:16,php,mandelbrot,177039,1908208962,57344,94208,75671,1453,15662889,14,145749,0,986,52737045
b3491dcb-bfbd-4c8b-8702-48e4850051d9,2026-05-30 19:41:27,php,fasta,56501,608990078,57344,0,44887,891,9603370,4,39911,0,270,31283210
a772eb01-24ba-4350-adf2-7e81cfbba798,2026-05-30 19:37:48,php,spectral-norm,54530,587753282,176128,110592,21806,419,4514268,0,0,0,0,15196915
e63adad7-30cb-4587-8f90-27d013b98a44,2026-05-30 19:31:43,php,n-body,198969,2144573337,176128,0,168628,3131,33748560,47,510860,0,3456,117521783
d454a261-e561-446c-b17c-57c971280af8,2026-05-30 19:24:01,php,fannkuch-redux,360078,3881075723,57344,294912,162009,3016,32510462,56,607977,0,4113,112908776
271b54d9-efd4-40bc-9a11-cba6b56c19a7,2026-05-30 19:19:16,php,binary-trees,43178,465395843,57344,90112,24710,2720,29318513,0,0,0,0,17221272
558a7e7e-a6a2-4e2c-9fd9-0df71a465472,2026-05-30 19:16:05,php,mandelbrot,177554,1913751513,57344,323584,75798,1458,15715904,9,95491,0,646,52826045
345bbd96-80b3-43e1-98ff-ef97eeed049b,2026-05-30 19:12:16,php,fasta,52536,566258337,57344,77824,41347,819,8825855,26,283811,0,1920,28816002
7f3eb0fa-70b8-45b0-b0f2-0829b8fc7e18,2026-05-30 19:08:41,php,spectral-norm,54337,585669787,176128,86016,21657,417,4494123,0,0,0,0,15093179
7d5efe03-ddde-44a5-b0fe-af416ae80c38,2026-05-30 19:02:14,php,n-body,198655,2141188698,176128,479232,168067,3119,33621909,14,145749,0,986,117130318
edf0a81c-abf2-481c-a3e3-82cefc4fb5f4,2026-05-30 18:54:29,php,fannkuch-redux,353181,3806740519,57344,0,162723,3030,32658125,56,607977,0,4113,113406270
816181e5-3455-40a8-83e4-df3650c6bebf,2026-05-30 18:49:44,php,binary-trees,43043,463938760,57344,180224,24235,2705,29158666,0,0,0,0,16889927
ece54c16-a3d6-4b86-a2ac-eac3a99c8db2,2026-05-30 18:46:33,php,mandelbrot,178029,1918876573,57344,389120,76081,1461,15746114,43,460602,0,3116,53023044
82d29c58-a3d8-4c0d-996c-3f652c55d8cf,2026-05-30 18:42:45,php,fasta,52717,568212563,57344,151552,41676,832,8963127,8,81300,0,550,29045081
fee3e9e9-26e8-4d4d-a9eb-2c94349b0b5d,2026-05-30 18:39:09,php,spectral-norm,54420,586559495,176128,106496,21643,417,4499920,0,0,0,0,15083691
f7f06db8-7877-4892-a71f-e61ee3b5503c,2026-05-30 18:32:54,php,n-body,197488,2128614896,176128,0,168455,3127,33699681,14,146636,0,992,117401197
f2803226-d133-4085-8626-fc1a4c60c0f2,2026-05-30 18:25:12,php,fannkuch-redux,356287,3840224162,57344,0,162597,3023,32585305,47,510860,0,3456,113318651
2c73a8a7-c2c0-4db5-a8f4-7972ed435236,2026-05-30 18:20:27,php,binary-trees,43199,465614659,57344,40960,24749,2764,29789405,0,0,0,0,17248310
3adb77f3-6742-432d-8ff4-6d2d0d444c4c,2026-05-30 18:17:18,php,mandelbrot,178250,1921260300,57344,77824,76038,1457,15708520,13,135402,0,916,52993367
d5789e66-8358-48d0-9dbd-e0b53f613175,2026-05-30 18:13:29,php,fasta,54306,585329875,57344,94208,43185,856,9229904,18,195859,0,1325,30096497
88167f41-7989-4579-afa6-8fa438ff2024,2026-05-30 18:09:45,php,spectral-norm,54286,585120408,176128,0,21591,418,4504439,0,0,0,0,15047471
4d00bd39-8258-408e-a7db-3a1f216ed237,2026-05-30 18:03:41,php,n-body,197416,2127838338,176128,364544,168521,3125,33686391,90,973088,0,6583,117446833
07025e8e-c56a-4aa8-92c0-d8999900b9a8,2026-05-30 17:55:41,php,fannkuch-redux,356763,3845354486,57344,483328,162788,3031,32666345,47,510860,0,3456,113451871
da2036f9-f38d-4f2f-9456-845a64c40749,2026-05-30 17:50:56,php,binary-trees,43240,466056003,57344,163840,25592,2764,29786286,0,0,0,0,17835784
354910c3-5e5e-449a-9502-0c5f849b26cf,2026-05-30 17:47:44,php,mandelbrot,177812,1916537399,57344,172032,76130,1459,15724946,17,182260,0,1233,53057360
6e83c9d6-1882-45d0-a6c4-d459bb45590d,2026-05-30 17:43:45,php,fasta,55340,596475435,57344,0,43884,873,9413493,38,407831,0,2759,30583753
ee2e3e41-c10c-458a-8e92-191c80c8d524,2026-05-30 17:40:09,php,spectral-norm,54402,586373520,176128,155648,21622,421,4542704,34,365111,0,2470,15069049
92909306-9b24-4c6c-aade-93329e812941,2026-05-30 17:34:02,php,n-body,197737,2131301284,176128,0,167737,3111,33529885,56,607977,0,4113,116900608
53929e76-9417-4c03-ac80-7c1bad630d7f,2026-05-30 17:26:20,php,fannkuch-redux,358299,3861905304,57344,0,161951,3015,32495944,14,145749,0,986,112868393
7455e3f7-5f18-45a7-9eb6-4e7417847903,2026-05-30 17:21:22,php,binary-trees,43219,465829872,57344,40960,24091,2719,29305029,0,0,0,0,16789378
ddecd260-e3ac-423f-a1e6-da408a3dd020,2026-05-30 17:18:12,php,mandelbrot,177130,1909185408,57344,184320,75953,1451,15643109,44,470949,0,3186,52933674
e6032917-0992-4884-b8a2-ca1dd1d21afb,2026-05-30 17:14:24,php,fasta,53057,571868571,57344,0,41945,835,8997422,34,365111,0,2470,29232612
b0b49ada-5845-4d4e-816d-e4efdfc4f9bd,2026-05-30 17:10:48,php,spectral-norm,54473,587128832,176128,69632,21672,419,4511516,0,0,0,0,15103793
ada13ff6-0023-4c32-89cf-6c322c5c3565,2026-05-30 17:04:49,php,n-body,197489,2128620261,176128,0,168178,3121,33636872,56,607977,0,4113,117207955
e3110897-832c-4c05-ba28-db21764bf5f6,2026-05-30 16:56:58,php,fannkuch-redux,358124,3860021844,57344,516096,162186,3020,32553070,10,105838,0,716,113032166
fdb7aa2e-2f8f-4bf2-8ed5-28346d11584b,2026-05-30 16:52:14,php,binary-trees,43546,469362465,57344,0,24880,2763,29780427,23,243900,0,1650,17339535
100036d4-3700-47cd-a390-35abb00ddfce,2026-05-30 16:49:02,php,mandelbrot,178016,1918738751,57344,303104,76014,1461,15749905,14,145749,0,986,52976349
c7b56354-975d-43b0-b939-24ec0b1dcdb4,2026-05-30 16:45:11,php,fasta,54583,588319485,57344,192512,43600,864,9317852,0,0,0,0,30386171
12008570-bfa9-485a-a916-a25d1527ec71,2026-05-30 16:41:34,php,spectral-norm,54247,584700427,176128,36864,21584,415,4476788,0,0,0,0,15042643
89d217c8-5efe-4e21-88c2-1d8d4d07e687,2026-05-30 16:35:28,php,n-body,199132,2146338157,176128,0,169062,3137,33808206,47,510860,0,3456,117823870
50685d97-0070-4651-889d-1394c083e96c,2026-05-30 16:27:39,php,fannkuch-redux,359167,3871255961,57344,163840,161277,3004,32375647,47,510860,0,3456,112398205
dc3faad3-bcff-4b8f-9e9b-00bace59abeb,2026-05-30 16:22:56,php,binary-trees,42597,459133960,57344,159744,23512,2719,29309488,4,40798,0,276,16386087
b2ed4b0e-0c47-4adc-955f-7d5f9d35e458,2026-05-30 16:19:47,php,mandelbrot,177871,1917168256,57344,0,75861,1457,15700404,10,105838,0,716,52869635
95ac372b-e515-4222-8416-8e4fae968b08,2026-05-30 16:15:59,php,fasta,52973,570963650,57344,0,41811,833,8976548,0,0,0,0,29139222
59f8d03a-a7b4-4550-b6e2-b10c09590dea,2026-05-30 16:12:22,php,spectral-norm,54379,586118700,176128,102400,21679,421,4534826,0,0,0,0,15108830
06ef811c-3aba-405d-8bee-051f483e842c,2026-05-30 16:06:19,php,n-body,197588,2129693499,176128,405504,168335,3122,33650490,14,145749,0,986,117317131
e2c63d4c-1f99-412d-ae43-4843c5930362,2026-05-30 15:58:38,php,fannkuch-redux,356476,3842255106,57344,765952,161911,3016,32511863,56,607977,0,4113,112840281
72821c98-e999-4cb2-ad51-0c62665217ca,2026-05-30 15:53:55,php,binary-trees,42514,458233558,57344,0,24774,2757,29712929,11,121211,0,820,17265658
549dfbd7-e6d3-4b15-9ef1-17b30084ac03,2026-05-30 15:50:38,php,mandelbrot,186526,2010464320,57344,0,80066,1534,16538831,43,460602,0,3116,55800039
bb2e0e7f-8145-4adb-be80-994418ad00c6,2026-05-30 15:46:48,php,fasta,53071,572027249,57344,131072,41755,833,8982528,0,0,0,0,29100355
66cd784f-81af-4993-b231-4729cdde9379,2026-05-30 15:43:14,php,spectral-norm,54544,587894634,176128,81920,21701,423,4553994,23,249222,0,1686,15124202
2df6a045-fd65-4ff7-984a-27b0985bd6b4,2026-05-30 15:37:16,php,n-body,196638,2119453510,176128,196608,168084,3120,33627718,47,510860,0,3456,117142594
5c642755-5504-4631-aa8c-85078cb05e83,2026-05-30 15:29:36,php,fannkuch-redux,356411,3841560535,57344,221184,163333,3039,32759486,47,510860,0,3456,113831210
bc0173f3-3c18-4e4a-bd37-8ebb2d84caa0,2026-05-30 15:24:44,php,binary-trees,42907,462470859,57344,143360,24253,2733,29459209,0,0,0,0,16902898
931db116-3e8c-404c-9697-eff0e3a65748,2026-05-30 15:21:35,php,mandelbrot,177473,1912886886,57344,0,75886,1455,15680937,10,105838,0,716,52887303
201cf2d0-09e6-45c9-9b18-387cb73f11d6,2026-05-30 15:17:47,php,fasta,53544,577125448,57344,106496,42755,849,9150617,0,0,0,0,29797312
b6e38f02-e92b-4460-8427-94f697fcdf1d,2026-05-30 15:14:11,php,spectral-norm,54708,589670883,176128,61440,21792,423,4554423,23,243900,0,1650,15187533
06787449-38ba-485a-bb0f-f4c370c3e3c0,2026-05-30 15:07:55,php,n-body,198723,2141919588,176128,327680,169706,3149,33939368,40,430447,0,2912,118272555
f2bccff5-a902-480a-9696-c148ab0b9cce,2026-05-30 15:00:11,php,fannkuch-redux,359943,3879625343,57344,430080,161403,3009,32427149,14,145749,0,986,112486182
893d9956-c60f-4a8a-8e84-c85fce8e2b60,2026-05-30 14:55:28,php,binary-trees,42811,461437472,57344,159744,23480,2740,29535688,0,0,0,0,16363613
58fb6d4c-c20e-45f5-84fe-322ac7b51d46,2026-06-07 13:17:13,php,regex-redux,18289,197130084,254226432,77824,12807,412,4443870,0,0,0,0,8925269
f58e1b28-2c51-4176-9f8f-c76da36a08d0,2026-06-07 13:14:12,php,k-nucleotide,60175,648595910,254345216,262144,29487,1345,14496677,0,0,0,0,20550137
acd4ff9d-49ab-47f2-9e49-0907b6d8ceb8,2026-06-07 13:11:01,php,regex-redux,18131,195426353,254226432,77824,12746,411,4429827,0,0,0,0,8883136
622e6790-83ff-4344-8078-af3da242bc25,2026-06-07 13:08:01,php,k-nucleotide,61304,660761197,254345216,102400,27912,1250,13472433,0,0,0,0,19452850
59c063a0-7575-4449-86fc-4c03cf28ecf4,2026-06-07 13:04:51,php,regex-redux,18228,196474561,254226432,86016,12800,413,4454915,18,189799,0,1284,8920536
6646990c-1467-4247-ad16-77c5e72a12f2,2026-06-07 13:01:51,php,k-nucleotide,60674,653971760,254345216,143360,29364,1334,14378506,0,0,0,0,20464299
aca7729e-dc53-459e-b611-de90108fa380,2026-06-07 12:58:41,php,regex-redux,18111,195206686,254226432,94208,12820,415,4478171,0,0,0,0,8934577
e61f86c4-06bc-4af7-8543-5f8b201aac3d,2026-06-07 12:55:42,php,k-nucleotide,59630,642719444,254345216,151552,29107,1330,14337619,34,365111,0,2470,20285730
8bc4600d-66da-4b90-9f3d-7b61169e1c3a,2026-06-07 12:52:30,php,regex-redux,18152,195654741,254226432,28672,12757,413,4449120,4,39911,0,270,8890861
02c4d708-a722-4ac2-aa2b-992092cac02c,2026-06-07 12:49:29,php,k-nucleotide,60122,648021871,254345216,0,29139,1323,14257637,34,365111,0,2470,20308123
1331008c-00b2-43bb-9508-d200449e7adf,2026-06-07 12:46:17,php,regex-redux,18205,196220358,254226432,94208,12778,415,4470724,0,0,0,0,8905148
c22180c9-f5c3-41e9-a460-81a9c9a0b881,2026-06-07 12:43:15,php,k-nucleotide,61537,663275721,254345216,0,27631,1260,13575876,0,0,0,0,19256793
6176cbdc-42e1-4538-ad6a-fba7ef262129,2026-06-07 12:40:05,php,regex-redux,18123,195339187,254226432,0,12864,414,4459432,0,0,0,0,8965578
d5c28314-b91a-4f0f-9ff9-a94f84c9ebcc,2026-06-07 12:37:06,php,k-nucleotide,60282,649749169,254345216,73728,29481,1339,14434118,0,0,0,0,20546276
10e52e39-ff39-4d40-a5ca-a70890010608,2026-06-07 12:33:55,php,regex-redux,18164,195776509,254226432,53248,12790,410,4420430,0,0,0,0,8913585
4d10c935-6921-4d9a-87da-f539cfe05de2,2026-06-07 12:30:56,php,k-nucleotide,59810,644656151,254345216,90112,28619,1330,14338048,0,0,0,0,19945732
69c10c9f-f663-4831-964c-86a5806ed560,2026-06-07 12:27:45,php,regex-redux,17763,191462596,254226432,61440,15091,460,4953619,8,81300,0,550,10517626
ac7925da-df8b-4474-81a7-4275bab1f44a,2026-06-07 12:24:38,php,k-nucleotide,62253,670993308,254345216,131072,28249,1259,13565387,21,229710,0,1554,19687775
bc8183f6-e72f-4453-830e-73be1d791b18,2026-06-07 12:21:28,php,regex-redux,18138,195501179,254226432,81920,12849,415,4477682,26,283811,0,1920,8955070
45f1cf57-8bbc-4f66-8748-89a931f14df5,2026-06-07 12:18:28,php,k-nucleotide,59607,642471399,254345216,0,29215,1328,14317952,4,39911,0,270,20360698
0eb22852-4a38-4ffd-84d7-57ca2193093b,2026-05-31 21:12:12,python,mandelbrot,662690,7142767422,200704,1310720,321815,6115,65905291,27,291498,0,1972,224281706
04e8b4cf-6c8d-4a2f-b166-6bdcfa1d11e4,2026-05-31 21:05:38,python,fasta,69510,749206835,376832,1155072,40536,1516,16343631,0,0,0,0,28250429
ef7f0bd4-8af8-4c7c-92a4-0e1036c7db5f,2026-05-31 21:02:10,python,spectral-norm,352109,3795189045,200704,1310720,169184,3207,34562387,14,145749,0,986,117908794
4edfd2c5-16cc-450d-ac3d-91a0a3a72a2d,2026-05-31 20:54:45,python,n-body,504069,5433077772,4096,671744,396392,7355,79274317,70,753725,0,5099,276256584
102b4e07-6499-432c-97d6-8dedb560c64e,2026-05-31 20:44:39,python,fannkuch-redux,1122095,12094434448,200704,1310720,624903,11620,125244788,104,1118836,0,7569,435512243
0fc393fb-7d20-48cb-abef-929d00add681,2026-05-31 20:34:41,python,binary-trees,92775,999967559,200704,1310720,44595,2600,28028230,0,0,0,0,31079333
b6ff457c-e42b-4283-a196-172dbfd659cd,2026-05-31 20:31:26,python,mandelbrot,657002,7081455069,200704,1310720,318478,6054,65249339,61,656609,0,4442,221956329
45b41b84-88f2-447f-86d3-d14483ad139f,2026-05-31 20:24:55,python,fasta,80233,864790661,376832,1155072,49798,1676,18066555,0,0,0,0,34705491
d8cb19f7-6d98-4e06-9dd7-b51074210b09,2026-05-31 20:21:13,python,spectral-norm,349432,3766332233,200704,1310720,168114,3178,34254395,47,510860,0,3456,117163289
ebc05a08-11a6-4767-8ef4-176da4faa433,2026-05-31 20:13:48,python,n-body,499815,5387228591,4096,24576,390921,7258,78228598,104,1118836,0,7569,272444097
b0ddda89-089a-4b68-b37a-68fc4fc60b61,2026-05-31 20:03:45,python,fannkuch-redux,1101050,11867607042,200704,1310720,603030,11205,120772037,74,800584,0,5416,420268588
406e85ee-c386-4718-ac69-789d182234df,2026-05-31 19:53:48,python,binary-trees,87187,939740576,200704,1310720,42686,2526,27227748,0,0,0,0,29748961
8037cc42-029f-4dac-b72e-62a827248f17,2026-05-31 19:50:35,python,mandelbrot,642408,6924159080,200704,1310720,306275,5806,62576660,66,713814,0,4829,213451650
6224611e-8add-4bc3-a6cb-ade276493cb9,2026-05-31 19:44:13,python,fasta,66432,716037148,376832,1155072,39974,1490,16055975,0,0,0,0,27858943
b8b19cfb-73d2-4b7b-9748-89a552f22346,2026-05-31 19:40:46,python,spectral-norm,317153,3418416603,200704,1310720,146294,2767,29822331,10,105838,0,716,101956097
02c79783-f0ab-48db-b41e-32c2eca036da,2026-05-31 19:33:37,python,n-body,469930,5065118611,4096,24576,390040,7243,78067946,27,288098,0,1949,271829620
0ddaf7f7-800c-4dfc-8149-d523a714d471,2026-05-31 19:23:37,python,fannkuch-redux,964265,10393271319,200704,1310720,487767,9061,97663163,93,997625,0,6749,339938788
edd8964d-087e-4004-94c3-bddb360f1401,2026-05-31 19:15:15,python,binary-trees,86891,936547887,200704,1310720,42535,2527,27238187,0,0,0,0,29643803
f744a954-75fd-4b52-a380-b1779f0478be,2026-05-31 19:12:03,python,mandelbrot,620637,6689502075,200704,1310720,296017,5595,60305661,27,291498,0,1972,206302614
c901b06f-da9b-4497-8ad6-d6f1101d06f4,2026-05-31 19:05:32,python,fasta,67537,727948582,376832,1155072,39698,1479,15944520,0,0,0,0,27666572
25c3d011-1dc3-489b-8e19-2b7f35364002,2026-05-31 19:02:05,python,spectral-norm,310233,3343824464,200704,1310720,141304,2672,28798655,14,145749,0,986,98478923
18e7c564-54e8-4839-a784-05da160b94a0,2026-05-31 18:55:00,python,n-body,458190,4938573261,4096,24576,381593,7072,76221021,66,713814,0,4829,265942842
5443ee16-e36d-4777-989a-fe5afc5c7749,2026-05-31 18:45:01,python,fannkuch-redux,948406,10222343741,200704,1310720,472980,8782,94658796,104,1118836,0,7569,329633022
e7444757-6cb6-46b2-aac7-599e37571cc2,2026-05-31 18:36:49,python,binary-trees,86304,930226227,200704,0,42736,2531,27275914,0,0,0,0,29784224
1e506b45-199c-4cca-a321-6fbebed3a0eb,2026-05-31 18:33:38,python,mandelbrot,616870,6648901299,200704,1310720,295316,5585,60196146,70,753725,0,5099,205814358
5dae0125-7321-438f-891c-189da30a61ff,2026-05-31 18:27:16,python,fasta,68232,735429419,376832,0,40197,1494,16100033,0,0,0,0,28014231
817ecda3-c3ac-416e-b23d-5b23c8c2d158,2026-05-31 18:23:50,python,spectral-norm,312291,3366014865,200704,1310720,144464,2736,29486382,56,607977,0,4113,100681361
be6953dc-0718-428f-8eea-466e3fc37cff,2026-05-31 18:16:30,python,n-body,463650,4997428838,4096,24576,384668,7130,76847578,81,871537,0,5896,268086003
81351c76-2e67-4ebb-988c-cec8ea359696,2026-05-31 18:06:33,python,fannkuch-redux,951480,10255470490,200704,1310720,475833,8836,95237774,63,673903,0,4559,331621722
8d5ca0b2-b717-43b7-983c-2e744faf5012,2026-05-31 17:58:20,python,binary-trees,86567,933060634,200704,1310720,42323,2502,26966946,34,365111,0,2470,29495871
9291db2c-dedb-4271-8e44-071137293c3c,2026-05-31 17:55:08,python,mandelbrot,621078,6694251762,200704,1310720,296552,5619,60561372,100,1078926,0,7299,206675583
ade5ba64-1d4d-4773-bce3-0607618d21d1,2026-05-31 17:48:53,python,fasta,68704,740525249,376832,1155072,39853,1478,15927185,1,10347,0,70,27774749
80784fd8-893f-46e7-b0ad-e9df1fdd75b1,2026-05-31 17:45:09,python,spectral-norm,316829,3414919355,200704,1310720,145387,2749,29632378,47,510860,0,3456,101324390
b418fff8-483f-417b-8c6c-d7ac1efad27c,2026-05-31 17:37:45,python,n-body,468397,5048592032,4096,24576,389111,7210,77707274,61,656609,0,4442,271182437
b7b65d90-6ad2-422d-a1ff-f2b8ab0e7466,2026-05-31 17:27:48,python,fannkuch-redux,949863,10238049235,200704,1310720,474934,8819,95050085,73,790236,0,5346,330994900
fa08d212-fc1e-4997-96ed-20ebf438ae9f,2026-05-31 17:19:35,python,binary-trees,86051,927495510,200704,1310720,42219,2516,27122769,0,0,0,0,29423920
cdede6af-60a3-4b86-838d-725e573619ef,2026-05-31 17:16:24,python,mandelbrot,618044,6661552250,200704,1310720,294487,5576,60098725,62,673017,0,4553,205236088
6b918f1a-ddb5-43e4-81e6-87c6d3ab6e54,2026-05-31 17:10:11,python,fasta,68085,733845742,376832,1155072,39963,1489,16051824,1,10347,0,70,27851491
3d8723a1-26f6-410b-84c2-b09372efc3b4,2026-05-31 17:06:45,python,spectral-norm,325893,3512620317,200704,1310720,152242,2876,30994555,10,105838,0,716,106101424
54db75dd-118a-4d74-914e-3f7f4377623f,2026-05-31 16:59:34,python,n-body,463571,4996573969,4096,24576,383293,7100,76529738,100,1078926,0,7299,267128038
afd7dd1d-c20e-4658-82d3-c7a88bc50f3b,2026-05-31 16:49:41,python,fannkuch-redux,950630,10246313805,200704,1310720,470708,8736,94164677,70,753725,0,5099,328049832
89eb18d5-fb88-4f00-8e69-eb3e10d0dfd7,2026-05-31 16:41:25,python,binary-trees,86731,934828575,200704,1310720,42354,2512,27079548,0,0,0,0,29517785
6eb6cd2c-9ee1-4b26-8245-490d2dc5538f,2026-05-31 16:38:14,python,mandelbrot,619688,6679269284,200704,1310720,294568,5576,60104740,48,515147,0,3485,205292591
d3eafe7e-184d-48ae-b987-d7c3503b4cf5,2026-05-31 16:32:01,python,fasta,65834,709584516,376832,0,40174,1485,16003540,0,0,0,0,27998333
e53e7ec7-2f5c-4fc8-a141-077e061012dc,2026-05-31 16:28:35,python,spectral-norm,321490,3465161712,200704,1310720,152451,2879,31031527,56,607977,0,4113,106247206
f64fdb4e-af71-418a-95ed-15eda664f183,2026-05-31 16:21:20,python,n-body,466249,5025439675,4096,24576,385208,7139,76947925,66,713814,0,4829,268462262
acf8803c-d6aa-4803-a72a-443e60fd2bf6,2026-05-31 16:11:24,python,fannkuch-redux,960821,10356156616,200704,1310720,477794,8872,95621507,108,1165695,0,7886,332988357
a00ea1b2-d525-4c25-bf7a-f6656e8b6de5,2026-05-31 16:03:10,python,binary-trees,86123,928274816,200704,1310720,42617,2520,27166283,0,0,0,0,29701073
b1ac1d79-53ff-46bf-a551-bbfa68f87c25,2026-05-31 15:59:58,python,mandelbrot,623674,6722239061,200704,1310720,299281,5663,61037442,66,713814,0,4829,208577079
919bbb6e-f23d-43b6-ac05-11ac35fad7f2,2026-05-31 15:53:42,python,fasta,66293,714536787,376832,1155072,40143,1496,16129401,38,407831,0,2759,27976623
5de70127-0a3c-4018-a106-b9944dfc7b4e,2026-05-31 15:50:17,python,spectral-norm,348402,3755231642,200704,1310720,170686,3219,34690679,14,156096,0,1056,118955934
db16fc33-5aaf-4888-8d59-ae3edbf34445,2026-05-31 15:42:45,python,n-body,461092,4969852656,4096,24576,383247,7103,76560742,27,291498,0,1972,267095882
dc4a9f6a-edd8-4e6e-9303-d77ac1dfc465,2026-05-31 15:32:53,python,fannkuch-redux,968328,10437073294,200704,1310720,476691,8854,95429599,62,670208,0,4534,332219480
7ee34a8c-f3fa-4d13-a93f-f051f8d031a9,2026-05-31 15:24:39,python,binary-trees,85956,926475859,200704,1310720,42438,2501,26962188,0,0,0,0,29576583
6ce2ac72-1310-4194-b565-2489a34f2030,2026-05-31 15:21:28,python,mandelbrot,635001,6844317421,200704,1310720,297824,5645,60849225,50,535398,0,3622,207561730
f5528521-85c9-4cf2-9318-842831eefa6c,2026-05-31 15:15:14,python,fasta,67038,722565531,376832,1155072,40146,1496,16128181,1,10347,0,70,27979176
83d0881c-51ca-4c43-887c-8ce77f28b33b,2026-05-31 15:11:49,python,spectral-norm,318166,3429337313,200704,1310720,145510,2750,29645446,14,145749,0,986,101409954
0078fb98-e1b7-43e5-aa7c-ee85ee4d47d1,2026-05-31 15:04:32,python,n-body,458756,4944672553,4096,24576,380273,7055,76042463,70,753725,0,5099,265022970
cce14379-2713-435b-8a40-e954730d72eb,2026-05-31 14:54:39,python,fannkuch-redux,1031340,11116240299,200704,1310720,537444,9975,107519051,70,753725,0,5099,374559550
4fd520d9-e2c0-4b1d-ba8c-c8a200c4ebce,2026-05-31 14:45:43,python,binary-trees,86481,932129980,200704,1310720,42347,2514,27099639,0,0,0,0,29512486
dafa5fd5-3a9a-49a1-ba1f-a0922570a4f9,2026-06-07 04:59:12,python,regex-redux,15992,172374237,255959040,51531776,10072,356,3835045,0,0,0,0,7019127
08796134-43e1-4d36-b8e9-0620d74d1093,2026-06-07 04:56:22,python,k-nucleotide,149007,1606065147,254377984,1310720,66628,3459,37286875,10,105838,0,716,46435112
0b7cec1e-da3d-4be8-b5ff-25e5ecda5863,2026-06-07 04:31:26,python,regex-redux,16094,173463347,255959040,0,10105,363,3912197,26,283811,0,1920,7042593
0d4b3332-b841-421a-8e9a-44ceaf8b09ac,2026-06-07 04:28:36,python,k-nucleotide,147665,1591594803,254377984,1585152,66132,3514,37875635,5,50258,0,340,46089077
023877fb-27f9-47d7-a842-bdebfb047674,2026-06-07 04:03:50,python,regex-redux,15822,170534388,255959040,0,9738,341,3679954,0,0,0,0,6786536
37421dc3-a40f-43e8-b149-d94d9b6dc6e1,2026-06-07 04:01:00,python,k-nucleotide,148743,1603223281,254377984,1310720,66821,3537,38125686,0,0,0,0,46569151
9887fe9e-b0ee-4bff-b713-95d2b5662ed9,2026-06-07 03:36:09,python,regex-redux,16020,172674588,255959040,51531776,10076,359,3868373,0,0,0,0,7022027
ad88333e-1061-4556-bb43-f84dcafe40f7,2026-06-07 03:33:18,python,k-nucleotide,147552,1590384233,254377984,1310720,66004,3486,37577211,0,0,0,0,46000190
ef3a9bdb-197b-4d7f-9d05-998ae850ab0c,2026-06-07 03:08:43,python,regex-redux,15939,171793295,255959040,51523584,10053,353,3808857,0,0,0,0,7006274
232fd46c-0394-406a-8ef0-8ce52bb951dc,2026-06-07 03:05:53,python,k-nucleotide,148738,1603166932,254377984,1310720,66608,3495,37667541,34,365111,0,2470,46420822
2c4ee314-052d-4e74-8cf7-4d7f898a77f7,2026-06-07 02:41:15,python,regex-redux,15641,168586635,255959040,0,9640,343,3699491,0,0,0,0,6718152
55c4a5a3-6fda-45b9-a01e-ad557084daf1,2026-06-07 02:38:26,python,k-nucleotide,148241,1597808959,254377984,1310720,69586,3501,37737672,24,254247,0,1720,48496307
24fa6d5b-893d-4b14-8363-58a4bd2ff1d3,2026-06-07 02:13:47,python,regex-redux,15551,167618069,255959040,47337472,9508,343,3701441,0,0,0,0,6626142
747dd786-ecf3-422b-bac3-984935d91d1d,2026-06-07 02:10:57,python,k-nucleotide,148174,1597086434,254377984,1626112,66549,3478,37486570,0,0,0,0,46379713
779d52a2-f048-4638-9ec9-dd9d9cb10d59,2026-06-07 01:46:23,python,regex-redux,16111,173647364,255959040,51531776,10084,359,3871306,0,0,0,0,7027896
b8b8ae21-1cf3-4fc6-83ea-5dda680be890,2026-06-07 01:43:32,python,k-nucleotide,148015,1595374828,254377984,1310720,66423,3426,36923095,35,375458,0,2540,46292113
5be0991c-d01c-49d5-9e04-3fdb5b5d60b6,2026-06-07 01:18:50,python,regex-redux,16056,173055817,255959040,51523584,9967,351,3783598,0,0,0,0,6946313
2eb9acb7-774b-40ee-a24c-f5ac7d66453f,2026-06-07 01:16:01,python,k-nucleotide,147396,1588696957,254377984,1310720,66360,3479,37495430,34,365111,0,2470,46248366
57e14079-aca4-40bb-b64d-3ca2712f4fe4,2026-06-07 00:49:22,python,regex-redux,15822,170538291,255959040,51523584,9757,345,3717245,0,0,0,0,6799610
4e97a4d4-23af-40a5-b7e0-aef517270981,2026-06-07 00:46:32,python,k-nucleotide,149569,1612124827,254377984,1310720,66810,3522,37964051,5,50258,0,340,46561690
ae7f9b33-b694-4137-b5a0-dcb18eff23c6,2026-05-12 21:06:42,ruby,mandelbrot,420040,4527379872,8126464,0,176954,3499,37718545,52,556979,0,3768,123323882
b0fb0b1f-7057-4141-94bc-cb634cfc8ac6,2026-05-12 21:01:50,ruby,fasta,48729,525226550,8060928,0,37902,814,8777233,0,0,0,0,26415162
1398c885-1e80-4ae6-a2a4-fe66380daf3f,2026-05-12 20:58:24,ruby,spectral-norm,173133,1866100456,8126464,0,72653,1422,15331657,35,375458,0,2540,50633950
44bb54e4-268d-4ae4-a932-556cadaa0194,2026-05-12 20:52:01,ruby,n-body,173159,1866388068,8060928,0,156946,2888,31130219,52,556979,0,3768,109380184
06634c6c-d436-438a-911e-22fc4febb08d,2026-05-12 20:44:41,ruby,fannkuch-redux,629403,6783983550,8126464,0,271276,5004,53933746,47,504356,0,3412,189059838
2b468ac2-581f-4706-bbec-2203fe822c5d,2026-05-12 20:38:51,ruby,binary-trees,57093,615377878,8126464,0,30812,2231,24048042,0,0,0,0,21473813
f4a33774-8915-475a-8d19-25477688e777,2026-05-12 20:35:40,ruby,mandelbrot,421285,4540794729,8126464,0,176938,3498,37702745,43,459863,0,3111,123313077
8e4c763c-41e4-4dac-a617-105a17036f42,2026-05-12 20:30:48,ruby,fasta,47506,512039365,8060928,0,37868,815,8784862,0,0,0,0,26391167
befa2c33-0df6-41f5-9b72-e63a6b10ecb7,2026-05-12 20:27:23,ruby,spectral-norm,173093,1865675158,8126464,0,72899,1425,15360226,0,0,0,0,50805658
ecf8bc2c-36a9-44a4-9797-4454cff81f70,2026-05-12 20:21:01,ruby,n-body,173198,1866803520,8060928,0,156998,2896,31215227,71,764812,0,5174,109416391
ebd80c05-edc4-493b-ac39-1ea391b0f6f2,2026-05-12 20:13:12,ruby,fannkuch-redux,634172,6835381781,8126464,0,275398,5080,54754528,56,601473,0,4069,191932675
b57321d0-aa50-46ac-906d-e828546544f7,2026-05-12 20:07:19,ruby,binary-trees,57726,622195752,8126464,0,31116,2255,24301283,0,0,0,0,21685748
f9b7205f-d30d-4f97-928d-51270b4e039d,2026-05-12 20:04:15,ruby,mandelbrot,420976,4537460927,8126464,0,176980,3507,37795700,9,94752,0,641,123342450
f0698e5c-c626-476d-99db-abba1e56a6c8,2026-05-12 19:59:23,ruby,fasta,48236,519903862,8060928,0,37928,810,8734204,4,39911,0,270,26433385
0b2f2ace-b86f-451c-a34e-8abcf1aac382,2026-05-12 19:55:56,ruby,spectral-norm,173815,1873458431,8126464,0,73218,1437,15486253,35,375458,0,2540,51028028
7713b7c1-2089-4d5a-b7b3-7cbf96e165c5,2026-05-12 19:49:31,ruby,n-body,173694,1872151066,8060928,0,157009,2892,31167631,43,459863,0,3111,109423650
0c5d807e-85c0-472b-969f-19788061706d,2026-05-12 19:42:10,ruby,fannkuch-redux,629257,6782406033,8126464,0,271408,5009,53985313,53,571909,0,3869,189152174
91f27d74-387e-4ffd-96b2-0d1c3f4d613f,2026-05-12 19:36:20,ruby,binary-trees,57739,622332839,8126464,0,31048,2255,24306944,0,0,0,0,21638417
f20ee77e-6089-4b34-800c-e74958f6eeac,2026-05-12 19:33:16,ruby,mandelbrot,420222,4529339472,8126464,0,176999,3513,37863995,43,459863,0,3111,123355607
ddf126ff-726e-4041-87ed-8e842bfa7b48,2026-05-12 19:28:24,ruby,fasta,47375,510624991,8060928,0,37501,807,8701489,34,365111,0,2470,26135659
d751c3c0-2b7a-4ea9-9224-85388b3c2af1,2026-05-12 19:25:00,ruby,spectral-norm,175966,1896636156,8126464,0,74007,1447,15596119,4,39911,0,270,51577386
12b96016-19e0-4447-b409-c6f1080734ef,2026-05-12 19:18:36,ruby,n-body,173454,1869566891,8060928,0,157056,2893,31185752,5,54841,0,371,109456754
a4bc4d15-e07e-4a9b-8536-086a5cc530ee,2026-05-12 19:11:17,ruby,fannkuch-redux,632189,6814015337,8126464,0,274681,5070,54651912,60,641383,0,4339,191433148
431e764a-9ae7-476a-90fd-f0b3e48c93ae,2026-05-12 19:05:25,ruby,binary-trees,57416,618859700,8126464,0,31057,2250,24254098,1,10347,0,70,21644751
155705a5-8e40-4e59-abfb-7bf2754c4a15,2026-05-12 19:02:21,ruby,mandelbrot,420232,4529450678,8126464,0,176862,3507,37800949,52,556979,0,3768,123260386
d9204803-60eb-42c3-8510-3375d6d22ab3,2026-05-12 18:57:30,ruby,fasta,48288,520473380,8060928,0,38085,814,8778760,0,0,0,0,26542819
39f2775a-5ddb-4e52-8fce-087a4bf014a7,2026-05-12 18:53:57,ruby,spectral-norm,175693,1893696228,8126464,0,73941,1445,15579821,35,375458,0,2540,51531251
0a5d3834-87e0-4561-9c77-9a8dc5027e19,2026-05-12 18:47:27,ruby,n-body,173995,1875397232,8060928,0,157180,2894,31198082,43,459863,0,3111,109543125
f556a4ec-5343-49d1-be64-f17e3ac85348,2026-05-12 18:39:59,ruby,fannkuch-redux,628910,6778675623,8126464,0,272530,5024,54152181,17,186103,0,1259,189933546
9172b37c-1d37-4333-b050-830d0ed80cde,2026-05-12 18:34:09,ruby,binary-trees,57118,615638382,8126464,0,30879,2241,24151196,35,375458,0,2540,21520499
e0457f58-1eaf-45a6-a396-3e8fa0399b26,2026-05-12 18:31:06,ruby,mandelbrot,420000,4526948067,8126464,0,177022,3505,37775914,33,359790,0,2434,123371280
7aeab5cb-5d42-48ac-a1ab-bd2a7b4d164e,2026-05-12 18:26:15,ruby,fasta,48257,520130415,8060928,0,38020,814,8776800,34,365111,0,2470,26497516
48fd2858-2192-4705-b418-bd9d41b482cf,2026-05-12 18:22:51,ruby,spectral-norm,177398,1912073838,8126464,0,74278,1453,15656363,0,0,0,0,51766651
0dd2179b-799d-4098-8bab-38dbebad4491,2026-05-12 18:16:27,ruby,n-body,173420,1869200923,8060928,0,157010,2891,31160428,53,567327,0,3838,109424451
feb59995-b272-4269-b401-55ddf1e4eb38,2026-05-12 18:09:03,ruby,fannkuch-redux,628224,6771275960,8126464,0,272364,5019,54093599,40,433403,0,2932,189818360
cafba23b-31eb-4596-b63e-985936297133,2026-05-12 18:03:12,ruby,binary-trees,57401,618695207,8126464,0,30932,2253,24286143,0,0,0,0,21557122
5bfc7304-d6f2-4218-a540-27baf60730e5,2026-05-12 18:00:08,ruby,mandelbrot,419742,4524166813,8126464,0,176562,3490,37622088,9,94752,0,641,123051061
3aa4db28-16d7-4b56-9f5b-283c7c2e12ba,2026-05-12 17:55:18,ruby,fasta,48368,521334285,8060928,0,38284,821,8846688,4,39911,0,270,26681274
463eba86-b87f-4ae0-9ad8-5bd897dae4fc,2026-05-12 17:51:53,ruby,spectral-norm,175169,1888051624,8126464,0,74029,1446,15583298,27,294158,0,1990,51593195
ccd3f3f9-19ed-40d9-9a09-8854628ba073,2026-05-12 17:45:25,ruby,n-body,174265,1878301999,8060928,0,157069,2896,31216333,43,459863,0,3111,109465759
ee711fc1-0a8d-4d66-815a-77a0b5eaade0,2026-05-12 17:38:07,ruby,fannkuch-redux,633130,6824159444,8126464,0,275137,5071,54662194,53,571909,0,3869,191750899
1c5f75fb-85c1-4bb6-8d41-2f1ad2a471be,2026-05-12 17:32:16,ruby,binary-trees,57021,614592489,8126464,0,31097,2251,24266920,8,81300,0,550,21672435
19ceee7a-f137-4788-a2ad-b1fb193efce4,2026-05-12 17:28:58,ruby,mandelbrot,419465,4521176982,8126464,0,176921,3499,37715983,5,54841,0,371,123301162
441fd5ad-06ab-4a79-88a1-f39dcb92da2d,2026-05-12 17:24:07,ruby,fasta,48233,519873028,8060928,0,37933,813,8762401,0,0,0,0,26436360
ae4c4df8-b00a-4cc4-8660-ec376424cf1f,2026-05-12 17:20:43,ruby,spectral-norm,174311,1878800641,8126464,0,73350,1433,15440366,24,257499,0,1742,51120023
900a640f-f9b9-4857-9939-b1253a80a7f8,2026-05-12 17:14:22,ruby,n-body,173252,1867391068,8060928,0,156866,2889,31143527,10,105099,0,711,109324003
779d22fc-18e7-44cb-ac70-263286b325c8,2026-05-12 17:07:04,ruby,fannkuch-redux,627083,6758976155,8126464,0,271854,5007,53972511,63,682773,0,4619,189462598
8bdd4724-40a8-4c44-855e-6fb5f18fbfea,2026-05-12 17:01:14,ruby,binary-trees,57356,618212846,8126464,0,31035,2241,24156630,32,340130,0,2301,21629433
19633981-7d3c-4d2f-a695-42120574a177,2026-05-12 16:58:10,ruby,mandelbrot,420258,4529732244,8126464,0,176681,3496,37685423,9,94752,0,641,123133756
3bc2f600-e355-4269-96ed-cd15a409e1c2,2026-05-12 16:53:21,ruby,fasta,48734,525278553,8060928,0,38022,812,8755013,0,0,0,0,26498263
05cd2dd6-0f77-4fc7-95c8-a0a992e0e106,2026-05-12 16:49:48,ruby,spectral-norm,175688,1893641040,8126464,0,73945,1446,15580673,1,10347,0,70,51534158
b32caf40-24f6-499b-8bcf-5d33b039ce77,2026-05-12 16:43:25,ruby,n-body,173117,1865936023,8060928,0,156875,2887,31122705,43,459863,0,3111,109330542
1649eaee-e830-4657-a45a-4fcac6d57631,2026-05-12 16:36:05,ruby,fannkuch-redux,627649,6765078269,8126464,0,273316,5033,54246311,35,373241,0,2525,190481488
072c2539-b097-45f6-9841-1df736644b73,2026-05-12 16:30:14,ruby,binary-trees,57495,619711256,8126464,0,30829,2253,24283827,23,243900,0,1650,21485475
eab0ff05-b8d1-4e5f-8b6e-d6ad32adbe34,2026-05-12 16:27:10,ruby,mandelbrot,417499,4499985017,8126464,0,177237,3509,37822600,43,459863,0,3111,123521313
3ab7dd41-4a33-49e5-8ce2-293285036cde,2026-05-12 16:22:20,ruby,fasta,48116,518612839,8060928,0,37685,810,8730360,34,365111,0,2470,26263423
75e10218-0a6f-48b1-be93-498a8a96d8ae,2026-05-12 16:18:57,ruby,spectral-norm,176722,1904787762,8126464,0,74089,1450,15631643,5,50258,0,340,51635052
4c1e7b6e-74bc-43c3-a71a-06338f22fc87,2026-05-12 16:12:36,ruby,n-body,173700,1872220087,8060928,0,156949,2891,31155542,47,502582,0,3400,109382278
7f213db2-a305-4fdf-944e-97711f880c5b,2026-05-12 16:05:12,ruby,fannkuch-redux,631414,6805655476,8126464,0,272492,5021,54121734,18,189503,0,1282,189907118
118ce418-5bc6-402e-9553-1229ca1d2631,2026-05-12 15:59:21,ruby,binary-trees,56578,609818919,1024000,0,30791,2242,24169750,0,0,0,0,21459427
85e51e1d-4644-4749-96af-9309fa8c4405,2026-06-07 05:06:44,ruby,regex-redux,109349,1178614135,262299648,0,70400,2073,22342412,4,39911,0,270,49063676
d4852e1a-7344-40d2-940c-abf70d989769,2026-06-07 05:03:15,ruby,k-nucleotide,260435,2807086672,262299648,0,118697,9876,106448559,14,145749,0,986,82723427
641122bd-7512-4ca6-91ea-28e54b15bdae,2026-06-07 04:39:00,ruby,regex-redux,109154,1176508294,262299648,0,71042,2121,22860390,8,86769,0,587,49511130
661da5e9-e36b-4709-88f7-459a22f5f397,2026-06-07 04:35:30,ruby,k-nucleotide,257989,2780717714,262299648,0,120718,9676,104294625,56,607977,0,4113,84131688
409afeab-6652-481d-bb7e-345100c74838,2026-06-07 04:11:29,ruby,regex-redux,109022,1175087289,262299648,0,69911,2071,22323947,0,0,0,0,48723006
eba2dd9d-065e-40ed-b326-333679422dc0,2026-06-07 04:07:53,ruby,k-nucleotide,264508,2850988594,262299648,0,119519,9884,106531323,11,116185,0,786,83295895
5a2cce71-da52-48bd-a043-9fe3ae1879ca,2026-06-07 03:43:45,ruby,regex-redux,109600,1181312526,262299648,0,81475,2302,24808748,35,375458,0,2540,56781967
c2afc77b-d29a-4ca4-8ea3-8bee8657917a,2026-06-07 03:40:09,ruby,k-nucleotide,253472,2732033404,262299648,0,115105,9097,98049895,44,470949,0,3186,80220139
5030a1ba-1d99-48ca-a39d-a75801000ce6,2026-06-07 03:16:14,ruby,regex-redux,108953,1174345943,262299648,0,71615,2125,22903178,34,365111,0,2470,49910798
d5ef1798-480c-48a7-b9c6-9a1b81382408,2026-06-07 03:12:44,ruby,k-nucleotide,252283,2719216755,262299648,0,115589,9037,97400840,47,510860,0,3456,80557347
53ebedba-acfb-4575-ab01-a9456c1ffbd1,2026-06-07 02:48:49,ruby,regex-redux,108879,1173546745,262299648,0,71432,2131,22970299,0,0,0,0,49783205
59a07b81-56f3-4321-80bd-5d43c44aba8e,2026-06-07 02:45:19,ruby,k-nucleotide,253257,2729718868,262299648,0,121262,9048,97518267,56,607977,0,4113,84511227
fbc366c1-175f-4ea1-a1cd-865bd6f22fe4,2026-06-07 02:21:21,ruby,regex-redux,109183,1176823664,262299648,0,71894,2158,23261684,1,10347,0,70,50105294
4d10e28e-752d-44b7-8675-f10bcfb13694,2026-06-07 02:17:52,ruby,k-nucleotide,258892,2790451299,262299648,0,122442,9632,103820991,10,105838,0,716,85333251
6e3d33a7-f43f-4e60-9db3-2b3fe154b888,2026-06-07 01:53:55,ruby,regex-redux,108373,1168089525,262299648,0,71000,2116,22808873,34,365111,0,2470,49481836
d8f840e2-7c75-4d3d-8aac-b290521dacaa,2026-06-07 01:50:26,ruby,k-nucleotide,259290,2794738777,262299648,0,120004,9549,102919511,45,481296,0,3256,83634054
1469a0d5-bc91-4eaf-a22e-b9c7f86393bf,2026-06-07 01:26:19,ruby,regex-redux,108465,1169083917,262299648,0,70568,2086,22484257,0,0,0,0,49180773
63723152-24f7-4d54-aecd-8b4d06db184d,2026-06-07 01:22:49,ruby,k-nucleotide,249915,2693696808,262299648,0,111671,9310,100345987,14,145749,0,986,77826926
84f71b29-d857-49eb-ba6a-b865ae8a1d25,2026-06-07 00:57:10,ruby,regex-redux,109267,1177731128,262299648,0,70671,2100,22631194,0,0,0,0,49252525
c6cd914f-9b2c-4b9a-987f-95314aa5c3bf,2026-06-07 00:53:35,ruby,k-nucleotide,260270,2805307319,255197184,0,123930,9626,103752358,14,145749,0,986,86370446
d2fc3abe-462b-4042-a543-f54b94b93719,2026-05-31 00:30:09,rust,mandelbrot,3150,33947564,0,0,1748,53,572504,0,0,0,0,1218397
556fdfa6-7025-4a63-9cf1-9f086d28f3e2,2026-05-31 00:27:00,rust,fasta,2525,27217156,0,0,1885,85,915889,0,0,0,0,1313972
d0bba207-8942-490c-b653-d6842bfcca6a,2026-05-31 00:23:41,rust,spectral-norm,1074,11578123,0,0,653,14,153684,0,0,0,0,454954
4c8b3c0b-ec33-4826-b2ba-280685579859,2026-05-31 00:17:22,rust,n-body,2595,27966911,0,0,2617,53,567436,0,0,0,0,1823987
63c72b8b-eaa4-482c-9828-3a947ce267b4,2026-05-31 00:11:16,rust,fannkuch-redux,8107,87377737,0,0,3637,71,770192,0,0,0,0,2535049
9a17f594-50a8-4b17-abf8-67343e143dc4,2026-05-31 00:08:12,rust,binary-trees,19818,213608793,0,0,8730,243,2619175,0,0,0,0,6083997
5ba20807-498b-446e-a601-df92bfa78ff3,2026-05-31 00:05:04,rust,mandelbrot,3136,33797602,0,0,1734,53,568050,0,0,0,0,1208400
791f3ccc-7732-48a2-8cba-48b5e7e10634,2026-05-31 00:01:57,rust,fasta,2557,27560541,0,0,1889,84,910209,0,0,0,0,1316164
bfe1e959-2723-4378-a22f-4ceb65d41605,2026-05-30 23:58:42,rust,spectral-norm,1083,11670408,0,0,644,17,187132,0,0,0,0,448969
d8fc6ac5-d137-4c2b-a785-02168ca902c5,2026-05-30 23:52:21,rust,n-body,2541,27387138,0,0,2608,53,567741,0,0,0,0,1817879
ba0fd5a5-13f1-4fd1-90f2-7568bda58834,2026-05-30 23:46:14,rust,fannkuch-redux,8111,87429245,0,0,3594,74,798695,0,0,0,0,2504854
2f965480-1c2d-4298-bf34-3858e04a2b41,2026-05-30 23:43:10,rust,binary-trees,20211,217838594,0,0,8894,262,2827306,11,116481,0,788,6198183
22257b19-f441-4198-97f8-8cf8efd1c372,2026-05-30 23:40:01,rust,mandelbrot,3192,34401176,0,0,1824,56,607841,15,162600,0,1100,1270880
327a0fde-106f-4052-8a03-524050d98a93,2026-05-30 23:36:53,rust,fasta,2537,27339717,0,0,1888,84,903923,0,0,0,0,1315655
aafcc916-60c3-4970-b644-7439df8c3660,2026-05-30 23:33:38,rust,spectral-norm,1079,11630795,0,0,672,17,183591,0,0,0,0,468426
ca871a20-1ed5-4e00-a0b4-b199db286bf0,2026-05-30 23:27:09,rust,n-body,2575,27757866,0,0,2584,52,563348,0,0,0,0,1800630
06e9571b-ee6e-4bfd-bf7f-d480066f8c39,2026-05-30 23:21:06,rust,fannkuch-redux,8125,87573411,0,0,3582,75,807543,0,0,0,0,2496158
fb25733a-e6d3-4cce-b20e-5087e42d81d8,2026-05-30 23:18:06,rust,binary-trees,30931,333389832,0,0,16472,435,4690075,34,365111,0,2470,11480039
55e723da-dc6a-406d-b7fd-0eea369718a3,2026-05-30 23:14:52,rust,mandelbrot,3207,34565544,0,0,1810,57,613641,0,0,0,0,1261485
dbe7f7cb-99e6-4f95-8799-2a980cd311f4,2026-05-30 23:11:41,rust,fasta,2526,27231377,0,0,1880,83,892144,0,0,0,0,1310318
64f0118b-16fa-40db-bdc4-55a8c65160c7,2026-05-30 23:08:26,rust,spectral-norm,1084,11685056,0,0,640,18,190367,0,0,0,0,446171
cc38ab8f-790d-47d7-ab8f-cb87fad598b7,2026-05-30 23:01:57,rust,n-body,2603,28051321,0,0,2592,53,573723,11,121211,0,820,1806506
ddc75ff2-c263-48b3-8307-fff37e591166,2026-05-30 22:55:45,rust,fannkuch-redux,8093,87232835,0,0,3616,74,799671,0,0,0,0,2520046
8e7f5fd6-7717-4c17-9e52-53320afbfd4c,2026-05-30 22:52:42,rust,binary-trees,33969,366133183,0,0,16910,403,4344616,0,0,0,0,11784746
f6cdfff4-75eb-4bbd-a40c-9507288bfb46,2026-05-30 22:49:29,rust,mandelbrot,3128,33713128,0,0,1745,54,580438,0,0,0,0,1216195
2d7f1526-140b-42b9-a6c5-c7ac39d1751f,2026-05-30 22:46:23,rust,fasta,2502,26970941,0,0,1904,81,876337,0,0,0,0,1326968
06e96e5a-5872-4273-943f-d3f598578f72,2026-05-30 22:43:06,rust,spectral-norm,1072,11557858,0,0,752,20,219113,5,50110,0,339,523759
600a4494-dbab-40d2-b599-238b385a13a3,2026-05-30 22:36:46,rust,n-body,2557,27561391,0,0,2611,55,594353,0,0,0,0,1819777
9cde4dae-7e67-4e57-96ba-73de04233627,2026-05-30 22:30:33,rust,fannkuch-redux,8036,86615713,0,0,3547,71,768179,0,0,0,0,2471776
21a77d38-e8ea-40e6-a24f-5e843d99a73f,2026-05-30 22:27:32,rust,binary-trees,19880,214278834,0,0,9000,251,2707427,0,0,0,0,6272321
d3eb864f-e70f-42ed-9020-9a1f95a6e9b2,2026-05-30 22:24:23,rust,mandelbrot,3155,34003595,0,0,1714,53,571833,0,0,0,0,1194208
38cb76c1-ce10-4b16-8fe0-f81c176c50cd,2026-05-30 22:21:16,rust,fasta,2543,27411676,0,0,1921,87,934320,0,0,0,0,1338949
cc168413-ce73-4906-855e-528c9cc842a1,2026-05-30 22:18:02,rust,spectral-norm,1061,11437009,0,0,645,15,161253,0,0,0,0,449400
44a5e308-3cd0-4a46-adec-daa5c2a09201,2026-05-30 22:11:39,rust,n-body,2500,26943596,0,0,2616,53,566276,0,0,0,0,1823130
d433685a-1dcf-457f-9984-0e0fa4f06e0b,2026-05-30 22:05:12,rust,fannkuch-redux,8072,87004626,0,0,3584,74,798635,0,0,0,0,2497985
9af5dbe8-59c1-43b8-9ea2-67afeba5450b,2026-05-30 22:02:09,rust,binary-trees,27371,295016377,0,0,12929,330,3552383,0,0,0,0,9010805
4de57c01-774b-4656-a9ed-4fa22da72f49,2026-05-30 21:58:57,rust,mandelbrot,3131,33749199,0,40960,1705,53,572015,0,0,0,0,1188552
7d4d4a25-2efb-40e4-9f8e-9f38296d3c4d,2026-05-30 21:55:44,rust,fasta,2509,27039484,0,0,1894,81,877436,0,0,0,0,1319918
0de69fcc-676a-4095-bdae-e38de43ea94c,2026-05-30 21:52:29,rust,spectral-norm,1059,11414427,0,0,647,14,154050,0,0,0,0,450676
f6676ce0-5423-4214-8b0d-702aadc5298f,2026-05-30 21:45:57,rust,n-body,2524,27203545,0,0,2639,53,569266,15,162600,0,1100,1839449
5a319f09-6cd3-4e89-8724-6db9abc58dec,2026-05-30 21:39:32,rust,fannkuch-redux,8168,88037401,0,0,3647,74,801380,0,0,0,0,2541649
ebcea9e2-d5f1-49b3-adb4-23e323cf4822,2026-05-30 21:36:29,rust,binary-trees,26417,284737016,0,0,12174,314,3383985,0,0,0,0,8484269
473a1c55-da3f-4878-bd67-f534496f719f,2026-05-30 21:33:20,rust,mandelbrot,3130,33731257,0,0,1705,54,580072,0,0,0,0,1188185
d6f50aff-6d05-4917-9a03-2eec08142668,2026-05-30 21:30:08,rust,fasta,2511,27062860,0,0,1874,85,913017,0,0,0,0,1305774
20e0cd38-19b6-48bd-8dcc-2197a5246f3e,2026-05-30 21:26:42,rust,spectral-norm,1060,11428648,0,0,645,17,184872,0,0,0,0,449720
71e6c3d5-11c0-4de2-8416-d1d3254cade9,2026-05-30 21:20:21,rust,n-body,2582,27831898,0,0,2585,52,564263,0,0,0,0,1801306
793a219f-ef7a-481b-9520-77d699a895e7,2026-05-30 21:14:01,rust,fannkuch-redux,8107,87381394,0,0,3647,72,772145,8,81300,0,550,2542004
a74db384-27a6-47f6-bcd1-64ad0262f8b7,2026-05-30 21:10:59,rust,binary-trees,30544,329219246,0,0,14321,366,3941425,4,39911,0,270,9980668
30519612-4b6c-4357-a6b6-49fa83d59d8f,2026-05-30 21:07:44,rust,mandelbrot,3131,33750605,0,0,1701,54,578668,0,0,0,0,1185653
2e73e7e3-810b-4994-90dc-8152a807a9ea,2026-05-30 21:04:37,rust,fasta,2543,27406183,0,0,1903,84,902034,0,0,0,0,1326092
a638962e-e217-4b60-b7a9-cd3e7fd29415,2026-05-30 21:01:20,rust,spectral-norm,1071,11547483,0,0,650,18,193906,0,0,0,0,452759
8b57fd72-e681-4898-bdc8-6d62fe9e5861,2026-05-30 20:55:00,rust,n-body,2612,28156853,0,0,2567,52,561394,0,0,0,0,1789311
64994211-e63f-48f5-9ba6-5532c95d207f,2026-05-30 20:49:02,rust,fannkuch-redux,8049,86752795,0,0,3628,71,768910,0,0,0,0,2528523
4dc2634b-2982-4c5c-a6a0-6c7a3f9b9804,2026-05-30 20:46:03,rust,binary-trees,19368,208757965,0,0,8521,241,2598848,23,243900,0,1650,5938564
09c03885-b672-4ffc-97bb-ba20d771cca0,2026-05-30 20:42:53,rust,mandelbrot,3206,34560906,0,0,1788,57,611687,0,0,0,0,1246281
7b0b156f-be1e-4b85-9ef8-f144e627ac73,2026-05-30 20:39:40,rust,fasta,2527,27239496,0,0,1909,83,893974,0,0,0,0,1330395
7c9dd07e-7f97-4b44-8a90-454bf3dbccac,2026-05-30 20:36:21,rust,spectral-norm,1085,11694577,0,0,648,17,185789,0,0,0,0,451550
8834d1a9-c59d-4cf1-83ad-3960e6a5d4a2,2026-05-30 20:29:53,rust,n-body,2570,27705193,0,0,2601,55,597342,0,0,0,0,1812914
daab5dad-a19e-4119-b4c4-50568dd48eec,2026-05-30 20:23:49,rust,fannkuch-redux,8082,87115591,0,81920,3572,71,769765,0,0,0,0,2489763
8973a8ad-b88d-4d34-b310-60d74298dd4e,2026-05-30 20:20:43,rust,binary-trees,22164,238889010,0,24576,9794,297,3195900,0,0,0,0,6825631
f5cbc664-f82d-44e9-83da-0e8acfeceaea,2026-06-07 05:13:20,rust,regex-redux,13450,144970183,254173184,90112,9371,293,3156892,0,0,0,0,6530941
82d6daad-3dad-40d7-a2d4-4af99fcb6ce2,2026-06-07 05:09:51,rust,k-nucleotide,4530,48826283,254173184,0,3330,109,1178881,0,0,0,0,2320731
398d2317-7070-46fd-9f04-aeb01b0e9cb8,2026-06-07 04:45:37,rust,regex-redux,13474,145233670,254173184,36864,9305,295,3180514,1,10347,0,70,6485201
5c9e3a3c-f202-45f0-b9b4-219287fb58da,2026-06-07 04:42:08,rust,k-nucleotide,4574,49304919,254173184,65536,3721,134,1445662,0,0,0,0,2593246
d3485689-7a15-4f77-bdda-80ba51e07c9d,2026-06-07 04:18:04,rust,regex-redux,13589,146472991,254173184,24576,9285,293,3154994,0,0,0,0,6471270
0492fa3d-3d02-4a41-b6cd-354329fe02c9,2026-06-07 04:14:35,rust,k-nucleotide,4412,47554490,254173184,0,3763,144,1547167,3,33850,0,229,2622722
66a5189d-26c8-4a24-9b69-76a1796e0fc4,2026-06-07 03:50:29,rust,regex-redux,13683,147479766,254173184,102400,9281,297,3198455,4,39911,0,270,6467877
71dd9296-01a9-402d-b01c-531966ca3d06,2026-06-07 03:47:00,rust,k-nucleotide,4498,48482960,254173184,0,3485,123,1323536,0,0,0,0,2428695
413fcb55-ab7a-4a7f-b3c6-931a0354eaa9,2026-06-07 03:22:48,rust,regex-redux,13434,144799462,254173184,0,9314,297,3203460,0,0,0,0,6491483
27a39956-42c6-4f93-9fb2-c4b38e6de8d2,2026-06-07 03:19:23,rust,k-nucleotide,4408,47509325,254173184,0,3761,144,1549852,0,0,0,0,2621467
1baa57ae-cc98-4593-a474-af9e5484213c,2026-06-07 02:55:37,rust,regex-redux,13541,145954924,254173184,0,9264,299,3220737,0,0,0,0,6456406
3039c9f8-850e-4a8e-998c-544c45c05590,2026-06-07 02:52:04,rust,k-nucleotide,5579,60131449,254173184,90112,5806,183,1970562,0,0,0,0,4046698
fb85b976-c0f2-48f0-bc67-ff632339bd8d,2026-06-07 02:27:54,rust,regex-redux,13563,146185885,254173184,0,8602,279,3006137,0,0,0,0,5994913
1295d143-6220-4e70-bb36-323e3d790e80,2026-06-07 02:24:29,rust,k-nucleotide,4534,48870591,254173184,0,3624,132,1420337,1,13599,0,92,2525573
7008026a-a5d5-4129-98f4-1b155047117a,2026-06-07 02:00:30,rust,regex-redux,13620,146798553,254173184,40960,9362,294,3172396,4,39911,0,270,6524458
dc7cf0b4-605f-477b-b6a6-ac2d52dd81e9,2026-06-07 01:57:02,rust,k-nucleotide,4371,47107347,254173184,61440,3694,139,1497668,0,0,0,0,2574131
4881ce7c-0ff6-47c0-b347-7d47284fd9de,2026-06-07 01:33:09,rust,regex-redux,13550,146052822,254173184,69632,10211,313,3368801,0,0,0,0,7116016
b989c3a8-848b-445a-a1d7-0c844eb6d270,2026-06-07 01:29:28,rust,k-nucleotide,4409,47521044,254173184,0,3613,129,1393359,26,283811,0,1920,2518319
c36635d9-6cbd-4f31-8f1a-79944ada6c01,2026-06-07 01:04:02,rust,regex-redux,13359,143992702,254173184,102400,9208,297,3201505,0,0,0,0,6417218
4f531461-0d49-4e32-a481-f3c72999ee8c,2026-06-07 01:00:33,rust,k-nucleotide,4563,49183642,254173184,0,3619,137,1478318,0,0,0,0,2522354
989c6fc0-5435-4ca4-8528-f21ac89271f1,2026-05-14 20:59:43,swift,mandelbrot,4170,44945610,0,0,2124,62,668388,0,0,0,0,1480019
4538340c-c672-4aa2-b5a1-ba84c76262b8,2026-05-14 20:56:52,swift,fasta,5086,54821890,0,0,3740,196,2109971,0,0,0,0,2606316
4f7f4c54-24b9-4518-993e-cd783f6abc9a,2026-05-14 20:53:49,swift,spectral-norm,1575,16976926,131072,0,850,20,220762,0,0,0,0,592734
46feefb1-a5d7-4816-a2ec-0d2b354bf18f,2026-05-14 20:48:03,swift,n-body,5170,55724652,0,0,5026,98,1056386,0,0,0,0,3503027
62b9e3a4-9f56-4d9e-9df1-46d9c0dd87fc,2026-05-14 20:42:30,swift,fannkuch-redux,21970,236799712,0,0,8858,169,1825421,0,0,0,0,6173401
4b0630ea-f73c-4743-a141-cf2f5411d9ba,2026-05-14 20:39:42,swift,binary-trees,38204,411774647,0,0,20609,1203,12968370,0,0,0,0,14363166
1104d19c-a316-4d66-b13d-d3f8672a6aec,2026-05-14 20:36:42,swift,mandelbrot,4134,44554132,0,0,2081,58,623099,0,0,0,0,1450307
713f0d86-e5f7-4328-8528-8718a8dfa2cf,2026-05-14 20:33:50,swift,fasta,5128,55267869,0,0,3725,197,2119737,0,0,0,0,2595717
3f784889-4eb8-40da-989c-f6f4f3e158e4,2026-05-14 20:30:45,swift,spectral-norm,1559,16798580,131072,0,854,19,201535,0,0,0,0,595517
3b56a20b-5676-421b-b5c2-9a7be3ea16ed,2026-05-14 20:25:06,swift,n-body,5145,55452070,0,0,5060,100,1074148,0,0,0,0,3526200
5fd3f293-78d6-4af1-82c2-6c83a9090280,2026-05-14 20:19:36,swift,fannkuch-redux,21996,237077303,0,0,8864,170,1827558,0,0,0,0,6177486
0cf4960c-d120-48ec-8b46-104d7a47a99a,2026-05-14 20:16:48,swift,binary-trees,38424,414148975,0,0,20919,1184,12766712,0,0,0,0,14578813
7a658377-460f-44bf-9725-5dedada1d4d6,2026-05-14 20:13:50,swift,mandelbrot,4161,44847955,0,0,2105,62,665886,0,0,0,0,1467049
06c29616-c24d-4a65-8e2a-1c41afbad0b5,2026-05-14 20:10:59,swift,fasta,5089,54852402,0,0,3736,200,2152636,0,0,0,0,2603721
c738d4d3-5f28-4021-9051-fe39db1ae6bd,2026-05-14 20:07:55,swift,spectral-norm,1572,16938352,131072,0,855,20,215939,0,0,0,0,595715
b0a91a6c-1395-428a-b211-124903958c4b,2026-05-14 20:02:17,swift,n-body,5162,55641095,0,0,5038,101,1085440,0,0,0,0,3511375
72b38a5c-7ff0-4259-b00a-7249f44f1f3e,2026-05-14 19:56:31,swift,fannkuch-redux,21992,237043670,0,0,8872,169,1823528,0,0,0,0,6182824
5fb2867e-edd5-48f1-8e00-e0949b8b1712,2026-05-14 19:53:44,swift,binary-trees,38114,410812967,0,0,20756,1186,12780325,0,0,0,0,14465479
f8a21a4f-c065-4e86-93fb-94c115027d90,2026-05-14 19:50:38,swift,mandelbrot,4163,44871085,0,0,2181,65,701164,0,0,0,0,1520280
85cd256d-3c6f-42f6-8f40-12624d203ef3,2026-05-14 19:47:47,swift,fasta,5111,55093065,0,0,3748,194,2095751,0,0,0,0,2611997
65c72544-a246-4e30-8525-59abe81b520d,2026-05-14 19:44:44,swift,spectral-norm,1577,16998165,131072,0,884,22,242368,0,0,0,0,616370
9c465a44-3f45-4739-b466-4dee22fba245,2026-05-14 19:38:54,swift,n-body,5239,56464033,0,0,5018,98,1060046,0,0,0,0,3497226
912c4de6-701e-4735-b8d0-78a616d1d899,2026-05-14 19:33:22,swift,fannkuch-redux,21988,236996854,0,0,8800,171,1844890,0,0,0,0,6133279
24f5b15f-54a7-4164-b5f9-8cdb4b9efc4d,2026-05-14 19:30:34,swift,binary-trees,38312,412939808,0,0,20896,1160,12497855,0,0,0,0,14562833
f0085cf5-81ac-4dd1-bc23-c35691a66ce6,2026-05-14 19:27:35,swift,mandelbrot,4162,44861138,0,0,2097,62,668145,0,0,0,0,1461508
4775fea3-3aaf-45ec-8734-47aa7ccc8149,2026-05-14 19:24:45,swift,fasta,5120,55189132,0,0,3720,196,2113938,0,0,0,0,2592304
269bd21c-8402-4512-8cbe-b3d120ceefa3,2026-05-14 19:21:42,swift,spectral-norm,1555,16758848,131072,0,858,20,211178,0,0,0,0,597855
a26e70e6-6dfb-4aa0-a473-c360519091d4,2026-05-14 19:16:05,swift,n-body,5179,55825299,0,0,5024,100,1074388,0,0,0,0,3501500
fd3428af-26f8-412d-8bc1-8b73cd6c9589,2026-05-14 19:10:36,swift,fannkuch-redux,22141,238647854,0,0,8912,170,1833901,0,0,0,0,6210734
1e6f1968-e999-47d6-96e0-240516b9346f,2026-05-14 19:07:49,swift,binary-trees,38441,414332020,0,0,20886,1197,12904591,0,0,0,0,14555960
d9cd19bc-f89f-46c7-9236-d65bb50e16db,2026-05-14 19:04:51,swift,mandelbrot,4145,44677056,0,0,2093,60,648918,0,0,0,0,1458527
3d03b262-39db-4a72-a191-520d2d5c9582,2026-05-14 19:02:00,swift,fasta,5102,54990159,0,0,3773,198,2129744,0,0,0,0,2629688
f7d70a7e-0a3c-44a7-a8d6-cbf4673cf47d,2026-05-14 18:58:58,swift,spectral-norm,1562,16832090,131072,0,880,20,218687,0,0,0,0,613323
60855409-0cb3-4842-acfe-d83930fb2465,2026-05-14 18:53:21,swift,n-body,5206,56109115,0,0,5041,100,1074328,0,0,0,0,3513258
2d66ae9f-411e-4556-b290-e2365e09bb13,2026-05-14 18:47:51,swift,fannkuch-redux,22029,237435634,0,0,8829,170,1832015,1,10347,0,70,6153213
c2797ec0-73a9-448a-8fed-ba38223e90be,2026-05-14 18:44:56,swift,binary-trees,38522,415207024,0,0,20700,1169,12595330,4,39911,0,270,14426384
471d3c43-5c96-4d2c-824d-fa868cf3e0fe,2026-05-14 18:41:58,swift,mandelbrot,4169,44934623,0,0,2105,62,665336,11,121211,0,820,1467210
795e2996-f0f3-4a1c-88ba-25e698bd1c00,2026-05-14 18:39:08,swift,fasta,5110,55072557,0,0,3733,192,2070483,0,0,0,0,2601642
cde26f4c-d085-47b5-9f2e-2221728eca95,2026-05-14 18:36:05,swift,spectral-norm,1569,16916379,131072,0,849,20,214048,0,0,0,0,591389
eedad275-ab20-491d-8605-515d5aa4f4ad,2026-05-14 18:30:28,swift,n-body,5230,56367963,0,0,5029,100,1078909,0,0,0,0,3504910
e715868c-e2a2-4037-a07a-c64e18f930da,2026-05-14 18:24:43,swift,fannkuch-redux,22036,237513579,0,0,8854,169,1826946,0,0,0,0,6170885
08648cec-19fb-40f2-be39-c0f747885aa5,2026-05-14 18:21:57,swift,binary-trees,38657,416667529,0,0,20895,1204,12976615,26,283811,0,1920,14562015
0e1b6fb6-2c60-4c96-8cea-225d05671e0e,2026-05-14 18:18:57,swift,mandelbrot,4153,44757499,0,0,2117,61,658196,0,0,0,0,1475130
f4e0d8cb-aea9-43d6-9b98-4d3613cef043,2026-05-14 18:16:07,swift,fasta,5027,54180345,0,0,3731,197,2120472,0,0,0,0,2600544
4c404aef-92c5-4143-8b3e-1484669d0973,2026-05-14 18:13:05,swift,spectral-norm,1567,16889157,131072,0,844,20,215330,1,10347,0,70,588472
e5373afe-9668-4358-b803-2b0b4abf0ffd,2026-05-14 18:07:29,swift,n-body,5187,55912883,0,0,5057,101,1085926,0,0,0,0,3524024
c1f3411f-4024-4ae5-b0a1-28c13bc1f8e6,2026-05-14 18:01:53,swift,fannkuch-redux,22052,237690279,0,0,8892,173,1868146,0,0,0,0,6196916
72c242f4-4efb-45ab-af13-edf0358396a5,2026-05-14 17:59:05,swift,binary-trees,38332,413154041,0,0,21037,1203,12962761,4,39911,0,270,14661621
71e59bba-5abe-44b8-b95a-2c87d0d03976,2026-05-14 17:55:53,swift,mandelbrot,4180,45053214,0,0,2097,61,662651,0,0,0,0,1461432
0d7d25db-8b77-42f1-8bcc-b294d7c6946a,2026-05-14 17:53:03,swift,fasta,5110,55073410,0,0,3753,201,2164540,0,0,0,0,2615837
3c017650-dbb1-44f4-b39e-f3ff7fe3cae2,2026-05-14 17:50:00,swift,spectral-norm,1566,16874693,131072,0,844,20,211728,0,0,0,0,587874
7dc84370-9b61-432e-b8e7-7cc960a6b61e,2026-05-14 17:44:23,swift,n-body,5159,55604965,0,0,4999,98,1054187,0,0,0,0,3483634
2a420d17-0985-4d5b-96f2-ce5f15f9e7ac,2026-05-14 17:38:55,swift,fannkuch-redux,21970,236800265,0,0,8768,170,1833232,0,0,0,0,6110528
57b9a50c-327c-4070-850f-8be27b5fa440,2026-05-14 17:36:08,swift,binary-trees,38402,413909663,0,0,20344,1193,12863279,23,243900,0,1650,14178599
0c787c83-bd28-4371-9e7f-79d2aea8205c,2026-05-14 17:33:11,swift,mandelbrot,4172,44972159,0,0,2143,62,663871,0,0,0,0,1493258
c1fa763c-5689-41c4-9df2-d5a0f9ec2512,2026-05-14 17:30:20,swift,fasta,5135,55347582,0,0,3747,199,2149706,0,0,0,0,2611420
7eb628b1-77af-46a2-886a-22ac1832e8cc,2026-05-14 17:27:19,swift,spectral-norm,1581,17042233,131072,0,856,22,235287,0,0,0,0,596885
1d2f3382-02de-4cd1-980d-f9ab09603464,2026-05-14 17:21:43,swift,n-body,5164,55656657,0,0,5018,98,1054981,0,0,0,0,3497235
f87a9ec2-e369-407b-b1a8-3271d02fedb1,2026-05-14 17:16:15,swift,fannkuch-redux,22006,237187652,0,0,8886,173,1860032,0,0,0,0,6193080
614ccd8e-0216-4784-951a-5622032a3e59,2026-05-14 17:13:29,swift,binary-trees,38058,410204096,0,0,20529,1183,12751022,0,0,0,0,14307160
cf3d95c3-f643-4c21-bc5b-3daa4b9bf321,2026-06-07 05:20:12,swift,regex-redux,166131,1790634336,256241664,0,106403,3080,33194329,44,470949,0,3186,74155560
c984545c-fb7c-4495-8ce7-6195844812fe,2026-06-07 05:16:15,swift,k-nucleotide,25494,274781060,254173184,0,18076,1391,14989635,0,0,0,0,12598009
16e1ae24-5cd1-43c9-a684-210370daa9fc,2026-06-07 04:52:41,swift,regex-redux,164821,1776515921,256241664,0,105798,3080,33195837,21,227049,0,1536,73733789
df49f9df-8dd7-47d3-a5cd-fa3d4f61484f,2026-06-07 04:48:39,swift,k-nucleotide,25882,278968218,254173184,0,28325,1592,17154457,4,39911,0,270,19740209
7589b312-f10e-43b4-8281-bb325f29a903,2026-06-07 04:25:10,swift,regex-redux,165177,1780347907,256241664,0,105705,3078,33176824,56,607977,0,4113,73669035
e8c4cd61-5599-46ad-b848-3af737f0a12b,2026-06-07 04:21:04,swift,k-nucleotide,25465,274473204,254173184,0,17921,1384,14916569,0,0,0,0,12489326
e9f2c599-41c4-4c7e-bb30-fd61b3fccea5,2026-06-07 03:57:34,swift,regex-redux,164350,1771436895,256241664,0,105757,3073,33123272,14,145749,0,986,73705261
cd972d0f-11c5-484e-8655-2c2fa6e25911,2026-06-07 03:53:38,swift,k-nucleotide,25330,273017456,254173184,0,17574,1386,14937384,23,243900,0,1650,12247842
98019ba1-8eba-4633-aa49-21fe9e89c4a1,2026-06-07 03:29:53,swift,regex-redux,165847,1787567370,256241664,0,106138,3090,33300414,44,470949,0,3186,73970410
ab62449d-5f6b-4f1b-a442-93d72dcc01c7,2026-06-07 03:25:43,swift,k-nucleotide,25476,274596072,254173184,0,17769,1385,14928596,0,0,0,0,12383549
0ac5cbc0-7c98-4c26-aa3b-0a146d258fb1,2026-06-07 03:02:27,swift,regex-redux,164730,1775532416,256241664,0,105733,3075,33148555,47,510860,0,3456,73688223
784d8910-bedd-4d8c-aeac-5d51d923b5a1,2026-06-07 02:58:32,swift,k-nucleotide,25418,273970274,254173184,0,17604,1386,14943125,4,39911,0,270,12268440
7931988c-61bb-47d1-9819-337587334ffe,2026-06-07 02:34:46,swift,regex-redux,166522,1794848627,256241664,0,107322,3108,33503703,45,483218,0,3269,74795520
93080332-005f-42f0-bd57-b7e4ff71989d,2026-06-07 02:30:49,swift,k-nucleotide,25357,273305054,254173184,0,17609,1388,14957282,0,0,0,0,12272208
6507939b-0365-4e11-a9b8-25aabbe65e6c,2026-06-07 02:07:22,swift,regex-redux,165300,1781674313,256241664,0,105519,3078,33178576,14,145749,0,986,73539273
058c65d5-4015-4cb9-843b-894cefd57819,2026-06-07 02:03:26,swift,k-nucleotide,25842,278536801,254173184,0,18012,1383,14906134,11,121211,0,820,12553405
781cdd2b-a108-4fea-bad2-f71cd521b770,2026-06-07 01:40:06,swift,regex-redux,163761,1765088245,256241664,0,105612,3073,33119250,44,470949,0,3186,73604265
45221364-131d-4488-9259-665d58e19948,2026-06-07 01:36:11,swift,k-nucleotide,25334,273057435,254173184,0,17556,1376,14832771,0,0,0,0,12235223
91a2463a-b0e1-4aed-bdaf-6d4cd3fc21d0,2026-06-07 01:12:34,swift,regex-redux,179000,1929346299,256241664,0,108272,3334,35935379,47,510860,0,3456,75457510
3f506abc-52cb-4831-acef-5058495a9214,2026-06-07 01:08:35,swift,k-nucleotide,25712,277138422,254173184,0,17822,1376,14826667,4,39911,0,270,12420925
